"age","friend_count","likes","likes_received"
21,349,1475,614
20,3765,816,1382
18,412,312,115
28,322,250,212
18,1391,442,814
47,108,187,222
22,92,515,362
18,899,138,508
25,731,141,581
55,210,355,204
14,579,2345,3455
21,241,2096,403
17,349,463,282
50,319,603,405
26,225,146,354
20,1224,258,137
43,236,514,320
54,196,192,256
63,129,2198,582
19,1085,1268,672
61,268,307,271
16,214,340,123
62,105,1221,821
60,67,185,506
18,391,167,164
23,212,443,770
21,548,242,864
19,364,1059,775
18,649,509,1452
19,418,249,451
18,344,737,396
46,203,3222,970
19,4320,903,1136
16,3869,252,407
18,868,169,487
25,95,156,161
17,807,1838,736
52,339,1189,420
64,207,157,203
23,465,644,663
30,144,216,350
19,338,203,159
24,144,1120,189
25,208,456,287
24,215,175,197
38,1189,462,1383
19,751,220,129
16,239,181,171
48,79,696,137
40,80,381,144
28,183,310,246
35,112,414,262
18,801,230,575
18,73,601,178
37,281,486,238
60,71,107,148
55,384,816,1256
52,151,102,133
16,242,209,128
44,264,405,127
57,60,296,155
36,894,473,355
19,4189,927,2859
26,698,1919,996
20,3170,1485,4604
20,1552,1032,1761
18,2973,137,240
45,704,1357,3213
51,584,1738,2443
17,2756,511,627
66,575,422,578
14,146,349,268
20,1055,130,833
21,685,492,783
33,837,1005,337
19,372,403,359
59,949,2041,1247
33,237,283,257
55,201,277,103
15,650,3098,164
14,1513,308,1570
32,279,308,286
23,553,1421,281
60,105,156,127
47,149,1260,943
17,767,1315,1182
15,886,537,1020
19,1591,291,507
19,1773,325,1514
62,117,586,295
23,407,1471,1442
15,4191,1253,3937
52,171,111,218
21,246,2691,2187
58,530,602,209
19,972,493,394
49,310,410,196
16,1165,282,224
61,208,1833,1203
58,123,1416,202
60,69,581,214
18,2839,1042,1300
14,391,617,144
33,189,747,680
58,75,325,452
56,113,1243,135
16,890,186,199
25,68,223,427
17,530,386,189
18,479,805,490
52,202,198,211
55,227,507,266
15,394,1100,755
18,1001,117,289
22,316,393,123
19,2321,2105,3341
19,1380,775,213
45,161,564,626
22,975,164,276
34,116,1488,1266
25,153,340,251
56,65,359,231
31,68,861,357
20,325,315,242
19,469,189,129
15,195,181,285
18,1439,1037,1996
22,444,2307,692
17,502,2604,409
19,1132,409,1719
27,1111,439,472
16,681,439,1471
21,4546,1064,2794
48,66,409,159
20,221,342,145
32,214,422,565
17,553,287,218
16,644,540,1269
19,135,452,393
35,434,2339,189
47,196,3798,113
51,166,220,652
27,1770,318,834
22,122,116,222
42,446,1207,1416
18,470,628,715
23,611,200,238
18,1600,661,2686
16,1769,359,1628
24,137,386,143
17,441,227,366
21,139,145,285
17,305,879,338
34,645,186,534
29,61,259,404
25,611,514,477
20,694,692,368
57,1649,590,141
23,568,107,163
19,165,408,369
26,167,303,216
18,767,1994,3495
34,183,322,261
22,809,405,376
21,128,603,166
22,415,169,373
25,59,952,258
19,1089,161,333
16,412,381,335
16,778,2504,514
44,61,213,108
19,336,458,1638
27,111,217,466
18,579,368,155
16,75,1202,199
18,574,1185,792
53,374,211,116
33,363,256,283
21,231,333,534
19,1186,775,1530
34,273,688,549
29,67,158,239
19,198,101,195
51,181,231,152
47,85,159,451
18,973,295,157
39,103,127,193
23,692,884,533
23,486,478,424
16,1929,645,866
38,79,431,247
19,800,189,332
23,128,136,186
19,77,769,1151
29,235,240,411
47,218,189,108
59,1837,1947,2133
34,210,215,139
22,51,162,159
23,239,639,264
20,85,834,574
41,88,128,157
50,414,1514,616
29,729,619,822
20,682,3038,169
24,220,278,398
28,85,325,219
65,66,331,212
54,433,124,193
16,1625,3330,1509
48,98,254,121
17,180,531,444
26,147,238,214
17,582,472,496
25,524,281,235
57,669,154,262
21,1041,186,1224
18,1256,1005,2092
18,262,223,148
17,925,308,472
51,151,305,161
19,192,130,268
27,202,125,121
54,77,1510,167
42,422,101,209
21,117,1079,1181
18,65,379,371
45,162,152,385
64,182,332,236
66,138,1322,132
26,1054,2430,2626
48,281,296,260
41,317,1268,958
28,67,213,278
34,167,232,321
17,1251,715,981
52,195,220,123
15,625,446,501
17,884,753,755
45,70,322,298
29,135,172,118
42,106,113,129
27,404,1252,1040
19,192,178,246
47,68,797,161
21,562,196,192
26,97,216,271
32,283,432,119
26,237,938,1269
39,261,188,184
20,337,672,108
65,269,104,169
17,279,1326,1453
14,381,533,272
22,277,788,115
38,119,897,895
35,508,402,400
27,101,1063,1002
61,146,346,515
66,76,1142,121
33,258,1430,1047
61,199,217,145
44,136,552,1590
14,1610,102,110
24,113,1631,376
61,304,538,315
23,406,588,996
58,432,285,1084
25,387,488,134
51,82,193,167
59,81,1038,207
16,987,114,130
17,312,260,429
25,810,4847,1816
23,165,366,543
20,418,228,127
57,54,210,146
58,104,254,461
31,65,226,208
61,162,686,323
20,411,330,829
51,727,870,500
50,709,1215,1166
17,379,377,310
26,265,1664,611
58,105,327,371
17,3505,861,846
19,695,366,362
57,77,149,126
27,648,1187,1578
20,148,194,162
19,412,225,167
23,990,403,1516
33,117,132,125
44,269,2091,568
17,627,112,209
56,299,149,103
60,55,948,807
18,1886,346,861
23,375,354,204
19,290,148,146
53,303,260,471
16,120,159,329
25,427,496,567
21,811,190,324
20,426,406,186
19,60,129,141
20,877,110,768
20,141,258,156
65,1774,1682,953
33,258,110,373
27,293,221,346
14,407,422,222
32,77,141,175
43,282,768,290
16,397,1385,279
30,207,511,122
20,706,607,129
26,196,102,125
43,534,560,1011
39,111,286,283
52,312,320,175
27,1341,2878,1738
18,136,121,131
58,178,791,309
19,1332,185,200
28,1050,1161,2134
61,145,252,104
23,700,187,383
21,184,439,549
21,136,541,217
63,1385,388,189
27,318,346,508
45,150,190,265
18,338,601,700
65,381,1212,2583
18,73,620,240
43,264,1471,440
60,103,1357,775
53,139,1041,241
16,403,4501,4091
37,54,254,738
16,1831,124,163
13,2028,4142,3095
50,185,641,602
50,325,411,382
40,313,423,388
27,130,120,216
56,274,728,791
22,587,184,105
15,4826,815,4801
15,1296,2686,2698
26,187,306,201
25,265,523,677
21,221,450,273
16,4279,299,4278
22,1014,4900,2280
48,112,705,265
51,168,991,551
54,79,1019,138
52,51,241,140
28,179,414,164
49,202,280,220
28,1386,1609,981
18,871,1605,422
41,716,2089,2700
33,386,300,239
20,176,204,212
46,98,527,974
26,323,162,327
62,1222,316,238
22,299,460,129
37,102,634,183
34,177,369,201
19,491,904,432
34,202,2452,3520
26,94,552,147
16,2593,402,272
38,72,193,203
19,215,120,157
18,85,202,169
18,766,1057,1925
25,394,369,424
49,562,474,445
58,79,776,185
21,326,367,160
17,2458,484,716
40,660,139,609
19,53,233,128
23,706,1273,1903
33,361,188,225
28,202,1671,670
21,204,3865,2058
57,233,420,154
35,257,364,123
42,154,203,158
16,324,433,319
15,489,688,216
18,3475,233,1576
18,390,157,199
55,118,163,157
26,139,722,775
52,51,604,314
17,170,355,226
38,81,570,214
17,2053,244,685
16,322,508,420
37,81,160,364
37,702,126,1246
37,152,110,107
48,138,416,328
15,1697,410,651
18,200,198,218
23,211,764,398
19,340,857,199
21,643,2870,2408
17,817,783,425
44,56,497,526
57,161,424,153
21,739,360,115
30,211,640,113
22,4078,3228,1956
51,81,415,320
53,378,118,168
19,365,681,604
22,278,352,388
34,191,153,286
50,122,112,124
22,134,315,306
18,729,485,328
65,277,356,245
45,95,411,213
38,99,328,234
19,691,705,974
19,114,250,149
15,893,180,201
18,241,126,151
15,3478,2318,1703
15,1059,437,618
53,113,424,436
48,156,360,107
35,144,468,115
21,774,610,550
23,65,1434,1140
18,203,610,723
23,285,213,115
23,1005,780,331
27,146,382,292
19,1696,284,387
20,286,156,242
22,144,128,170
19,2749,106,554
16,427,199,126
17,964,1596,2534
16,483,673,182
49,178,293,719
30,134,492,124
19,4568,3946,3794
51,172,470,284
30,878,2468,4084
27,75,822,253
21,395,384,272
34,193,1366,442
44,68,268,234
26,197,472,332
16,79,279,349
66,91,119,158
24,747,4402,1484
19,56,849,1145
41,65,525,270
18,701,1050,903
19,665,1036,451
17,1865,446,1879
44,58,299,142
56,97,108,261
46,370,153,148
26,112,717,275
28,121,2846,550
19,379,106,449
19,423,914,218
21,178,333,340
18,83,1237,375
46,303,926,1178
16,1510,502,501
17,915,1322,830
49,153,620,190
31,283,650,185
24,110,318,430
29,318,1179,498
24,78,282,115
15,669,1474,204
15,2397,2065,1489
32,440,111,301
20,235,549,925
15,744,199,194
19,241,2359,1318
20,85,129,492
56,105,3680,334
34,73,390,219
66,133,650,346
20,2052,3393,1790
37,109,1816,922
30,100,159,131
48,498,2733,1381
46,217,445,358
33,321,114,191
40,326,1022,1961
25,624,1438,1344
29,82,928,104
66,150,156,120
23,74,279,169
62,355,1319,414
23,309,399,462
18,1761,481,811
50,526,579,262
32,167,291,352
51,538,849,1273
22,114,2643,125
20,662,714,3133
52,131,472,201
22,172,619,188
22,1729,684,548
13,1832,1595,2458
17,1094,1358,967
59,122,236,167
22,1030,280,232
29,225,497,583
20,694,163,317
36,2856,1532,3658
25,270,282,417
19,220,645,303
16,408,1719,658
19,597,215,407
24,131,642,179
48,397,148,102
22,665,1423,1794
57,92,120,120
21,209,210,168
34,92,1250,179
15,66,659,612
66,143,815,1512
19,114,574,222
13,127,3872,358
17,192,465,181
31,154,249,163
19,164,154,145
65,161,3928,913
18,638,1203,198
32,301,1431,756
21,743,2453,881
23,83,378,422
52,278,240,231
39,64,175,153
33,803,344,193
19,510,1038,126
22,930,187,322
42,429,817,608
35,64,253,222
23,497,1648,478
19,500,254,328
19,1338,3065,1585
31,719,1036,1043
45,210,117,459
33,151,1255,657
59,114,275,130
17,894,638,221
37,61,329,136
28,114,219,322
48,303,829,463
60,410,141,130
24,463,1619,825
17,210,194,597
18,2710,459,1131
37,154,410,243
27,171,469,246
50,201,335,252
18,693,2872,535
18,603,330,765
43,83,175,449
19,193,258,174
43,728,110,625
15,1581,2205,1700
15,2080,1617,2217
50,289,337,110
24,253,120,144
66,313,317,377
18,212,170,256
23,217,634,332
21,572,959,285
61,843,949,640
19,568,531,474
48,358,960,712
18,438,279,702
41,62,620,247
16,721,1434,984
21,131,199,203
42,238,4873,3450
61,158,568,308
28,891,1899,321
33,89,214,409
18,320,1593,2797
52,180,871,795
26,481,2143,2275
16,60,271,234
42,237,688,739
36,54,203,211
20,81,132,111
17,2517,1542,3212
25,314,780,762
32,352,493,183
20,370,197,226
18,410,1070,1832
57,122,179,472
57,653,552,430
21,229,396,113
28,137,138,119
19,1681,1621,1457
22,620,331,297
63,135,332,382
14,462,567,370
31,169,280,182
29,65,346,262
55,251,206,158
20,100,770,350
16,1339,461,1219
52,129,198,119
15,351,105,147
23,102,283,155
26,410,1080,660
44,64,381,367
17,222,301,221
19,438,1630,1105
57,492,711,691
15,190,111,186
19,207,155,227
30,183,284,379
21,114,110,118
35,1627,194,1105
61,133,783,390
40,497,1054,527
19,494,1875,2280
22,350,2171,934
16,930,162,297
30,235,808,694
20,85,664,408
58,193,672,207
23,808,847,1317
34,464,602,349
28,137,535,430
18,332,1109,349
52,262,832,1240
25,63,534,314
24,659,666,535
13,1047,382,246
28,282,229,146
28,193,110,190
62,143,176,209
33,1054,381,231
23,172,136,195
19,768,310,462
31,287,816,300
20,61,230,239
48,218,1027,411
17,248,203,125
20,348,394,144
52,69,123,153
44,172,600,180
64,166,205,235
53,518,201,205
18,321,829,564
16,1207,123,129
21,369,324,359
15,105,181,150
22,83,749,667
22,515,833,1275
52,692,469,725
30,198,532,252
26,102,148,115
24,308,307,213
18,979,961,969
31,101,387,691
54,245,254,357
26,905,1624,3174
35,203,3210,1325
26,218,692,542
25,710,718,598
66,84,538,169
31,239,381,289
64,147,1399,738
15,1095,1508,255
53,98,358,163
16,672,2105,2892
53,339,2085,787
60,336,246,400
21,248,1989,1223
14,65,263,169
18,716,2236,3858
53,406,454,281
23,247,162,124
57,61,248,129
19,602,651,282
20,424,1559,908
17,2347,1353,1636
16,146,455,358
65,206,416,162
19,2764,637,352
20,747,818,264
30,434,371,184
18,450,322,233
15,172,205,125
15,446,2160,1625
18,508,444,134
45,103,297,137
31,205,640,209
19,195,440,311
58,89,1497,1928
20,1144,785,1312
24,315,1340,473
22,707,157,345
33,590,452,363
40,213,681,522
43,180,1571,161
17,909,393,1030
51,173,558,491
16,468,2039,509
23,278,1070,416
51,897,423,160
53,134,804,508
18,219,263,121
23,754,435,487
58,314,690,162
24,56,130,180
19,783,317,620
48,192,264,207
17,914,1295,606
43,1238,1097,2825
30,472,226,437
17,1085,1600,1937
36,694,497,584
18,2022,241,131
18,369,432,291
20,425,405,343
17,1310,104,407
25,600,1344,1291
38,69,290,156
63,51,411,147
57,181,258,177
60,215,464,222
17,715,2917,1497
15,914,1438,2274
27,162,278,274
42,1243,586,884
17,740,330,314
24,644,127,130
17,317,105,142
63,235,103,169
50,202,294,595
47,1171,160,312
39,767,3191,1250
17,861,204,1058
21,81,182,234
17,184,133,404
22,204,509,132
56,78,1051,228
19,108,128,424
31,652,583,859
16,984,239,364
16,647,1000,640
15,271,279,357
26,110,681,695
17,254,520,715
29,416,1298,312
19,291,388,666
44,102,304,146
64,122,128,112
19,153,996,479
24,169,609,2103
25,317,486,219
18,2435,2840,3135
19,930,1083,1331
64,248,366,167
24,59,636,570
23,970,445,980
27,233,103,130
53,77,220,128
38,171,189,119
19,433,1357,1079
44,690,1793,1699
50,74,242,177
37,144,347,327
17,2217,300,172
34,257,270,333
24,547,105,195
21,214,231,248
23,200,291,263
19,292,722,228
19,248,254,131
26,229,603,381
43,531,490,677
32,302,495,350
18,1211,3842,1150
17,635,800,709
14,453,1043,639
18,370,158,147
24,302,131,379
51,115,1402,627
26,358,1192,379
38,81,3045,754
47,74,2006,187
14,404,1406,1067
19,184,132,298
17,1029,462,573
16,1466,2319,1765
38,78,628,387
32,696,1578,893
19,1115,763,1029
20,688,130,474
16,3357,1414,1529
48,92,233,297
18,580,1663,1890
17,619,355,451
33,249,1432,1153
23,547,123,466
44,217,477,556
15,564,1163,956
20,341,1546,1388
45,168,759,374
24,1072,2525,1952
19,1559,183,214
19,147,126,160
23,146,176,209
43,450,832,469
23,557,1515,2021
24,89,159,126
40,92,120,204
48,373,267,279
43,69,223,534
25,678,334,253
17,1031,1721,1070
20,449,897,560
24,52,490,101
16,1137,214,640
47,400,143,483
19,1587,802,3164
29,184,178,158
62,206,539,298
17,3891,2122,2061
21,1332,147,810
20,111,104,198
22,481,710,376
36,115,147,129
28,611,1597,1329
18,361,437,290
25,694,191,292
15,323,2591,1322
18,803,301,312
38,194,437,365
18,186,137,154
53,106,171,284
17,313,150,154
58,185,595,286
27,283,708,329
18,343,1326,803
20,651,1161,773
25,1122,112,309
21,181,191,140
27,400,529,440
49,241,318,105
49,232,297,407
16,393,197,283
55,690,793,2644
32,308,150,288
25,108,169,220
35,284,168,556
23,196,190,148
19,162,118,204
24,160,288,164
51,280,155,238
37,154,1359,1273
25,75,279,144
15,203,3437,285
19,994,1858,337
61,333,643,114
61,503,291,115
21,245,136,198
48,134,435,342
30,116,182,448
25,391,1770,736
17,305,130,463
19,262,2085,618
43,72,296,235
24,72,114,137
48,79,324,170
19,471,111,119
35,72,174,143
55,222,151,236
58,542,138,279
17,298,4438,1947
66,516,349,135
19,890,1031,1546
25,90,144,106
19,1115,1434,4191
21,132,372,257
30,295,1459,207
22,320,407,968
17,586,288,282
19,895,277,479
17,1343,2239,805
38,150,1439,533
26,53,476,1392
18,720,427,301
19,254,163,130
21,94,372,313
33,142,618,1082
19,563,816,3137
21,240,108,182
58,73,605,400
28,67,770,317
16,232,412,294
16,898,240,347
48,84,312,256
21,1067,637,800
55,137,996,405
27,432,188,114
21,343,527,299
27,61,624,104
49,232,201,201
37,51,125,170
16,791,173,225
15,938,1979,1175
63,171,1894,611
18,588,892,764
24,1390,552,1242
19,181,1802,186
52,2159,2219,2983
24,193,233,205
54,1103,890,805
57,89,120,115
28,251,467,276
39,116,432,149
21,415,194,260
16,684,422,174
25,297,334,212
15,205,450,318
31,2298,1870,2241
22,326,124,194
19,151,189,173
18,76,286,122
29,97,307,135
15,401,1163,850
19,311,121,117
40,167,259,191
49,154,304,175
26,386,102,174
21,101,159,521
21,493,116,273
28,106,178,319
20,274,556,435
32,96,207,395
20,95,456,486
16,2427,282,3317
28,199,360,149
19,927,827,638
34,72,358,114
34,299,725,564
56,284,307,223
17,524,2477,1122
18,1143,2895,1791
17,335,382,103
14,281,768,428
25,101,332,212
37,161,247,332
20,351,382,288
19,816,177,163
19,999,430,236
19,119,427,549
27,319,340,520
23,181,896,490
30,314,306,801
19,499,144,133
26,243,330,229
20,1007,448,675
33,495,105,177
57,82,2341,278
64,696,1803,1621
18,1357,111,399
18,3080,106,769
52,416,233,495
31,86,232,170
16,1243,179,483
46,76,2066,674
21,452,214,145
23,277,1449,1174
17,615,977,847
54,176,2511,315
20,137,554,193
19,1579,224,558
19,490,638,462
21,210,292,102
32,425,579,568
19,764,318,585
56,159,290,453
19,158,1524,195
18,76,323,316
30,134,706,306
17,637,2402,2922
18,298,626,378
52,100,1097,104
38,108,836,615
41,249,228,101
20,522,1276,1463
38,136,374,925
18,1364,1086,241
17,214,205,127
21,512,466,204
32,209,101,111
47,98,289,368
18,732,195,746
20,322,238,302
46,95,325,108
25,170,2741,407
58,165,156,412
60,88,173,112
30,102,185,161
32,164,103,135
17,438,232,221
43,231,158,286
35,96,685,411
28,112,195,105
26,574,139,187
40,79,217,173
17,1846,1637,1068
18,533,447,447
17,1447,1932,2920
28,93,376,136
19,128,234,109
54,1707,989,2069
24,2044,1963,1809
15,442,133,105
61,382,268,185
20,753,447,431
52,235,2894,4463
53,194,3302,968
61,72,389,107
43,209,227,696
50,262,152,154
13,240,672,730
27,184,3499,2543
16,80,141,141
15,343,105,143
59,187,348,310
23,1209,540,605
17,3513,172,208
22,560,298,267
16,430,556,666
39,85,117,144
57,51,202,218
27,401,249,220
29,710,266,368
58,409,187,379
17,342,566,866
33,53,203,391
46,419,776,408
26,75,404,347
40,208,291,308
19,890,119,762
46,462,325,214
33,412,152,243
21,227,289,181
19,171,617,816
37,574,1606,2107
37,402,343,148
58,143,1283,240
40,185,242,184
22,521,867,869
22,208,713,489
25,279,260,184
52,459,401,246
48,161,1666,375
19,1297,2083,3048
18,1998,1760,1584
26,104,188,195
35,93,141,142
43,101,332,118
49,98,338,102
14,252,155,189
29,139,849,841
21,942,698,1037
14,852,952,646
19,2051,571,2863
23,1697,1530,3780
19,385,220,681
35,86,202,388
23,300,172,305
53,140,450,109
63,90,404,142
22,349,244,260
18,521,3968,1725
14,831,300,138
28,114,328,144
17,1253,407,863
15,840,1972,320
17,359,297,318
20,393,450,127
56,167,986,123
19,1102,305,1005
21,107,245,124
19,746,501,856
17,308,334,995
16,408,273,917
23,745,853,1156
21,971,641,674
16,2052,1043,588
18,161,352,634
27,1315,2641,956
53,189,159,229
22,156,124,166
20,581,306,202
16,942,370,221
25,150,536,473
53,202,225,346
50,309,2854,3504
16,703,665,888
25,404,848,387
15,267,253,806
55,470,479,185
44,252,326,348
23,104,360,429
21,427,486,424
18,990,385,347
26,81,226,690
38,135,170,310
19,330,207,549
18,938,968,849
27,1900,831,347
40,78,104,143
18,582,265,221
39,217,330,373
24,175,282,188
19,411,1717,2372
20,270,1405,1144
25,716,778,534
16,312,111,185
15,931,667,412
21,722,101,117
26,442,453,595
18,1253,400,419
23,1132,2752,2388
52,63,840,628
14,785,752,671
29,256,139,135
25,132,164,404
24,112,189,123
18,1228,3370,2807
15,897,1075,967
35,169,214,197
34,124,699,862
29,615,1563,608
42,97,731,681
18,191,338,271
18,868,466,545
48,365,1057,564
23,232,458,590
24,241,752,397
51,109,293,166
49,200,140,335
28,311,597,514
16,359,184,170
47,122,101,166
17,192,205,128
51,173,396,185
55,120,1770,412
21,820,1288,686
22,453,126,453
34,214,1101,1113
63,62,102,159
32,680,108,208
19,580,148,380
60,85,1092,347
56,59,285,153
19,355,223,127
32,348,561,373
27,872,3044,117
19,377,110,144
17,397,571,177
13,272,1047,1366
19,743,217,255
23,84,396,123
55,245,1433,426
17,408,3750,2938
29,190,112,204
28,130,310,282
50,226,575,367
20,197,181,131
32,93,183,139
20,305,707,1210
22,275,414,280
26,320,838,372
55,163,379,332
15,1036,289,406
18,298,267,195
36,52,136,480
54,184,147,234
63,367,515,516
31,139,1390,581
22,510,339,428
50,122,855,260
20,148,408,408
21,668,593,1642
18,646,1014,660
35,54,1892,404
53,154,731,671
39,125,1442,1177
63,481,380,630
43,457,1926,684
54,334,920,356
43,87,107,129
19,786,232,595
43,61,128,170
60,103,140,132
37,242,1979,1832
16,1006,1549,1097
48,200,1747,178
49,343,118,167
44,383,229,352
62,379,3248,1879
45,87,691,113
17,410,196,252
20,476,1110,137
18,1557,4750,2497
20,2007,3817,644
19,1661,182,604
53,296,418,437
59,54,1056,752
50,270,999,1291
50,3482,954,2906
59,108,4640,312
47,183,104,103
24,845,304,253
48,88,250,274
25,728,104,128
17,1567,2042,3116
20,647,1289,781
19,393,151,158
18,584,234,104
55,109,405,222
40,196,340,436
59,424,688,1284
15,1604,1190,2166
52,108,146,243
44,266,1188,1342
19,245,172,105
20,274,114,115
24,63,333,121
18,59,429,523
49,405,1015,410
20,505,1160,185
24,503,224,212
20,1204,1192,773
59,124,985,132
59,90,360,321
55,117,186,108
54,83,2663,127
47,411,519,561
28,94,240,244
51,123,215,141
38,167,745,302
24,208,549,267
16,1353,727,2293
63,51,1172,351
64,2052,1076,501
17,104,339,104
33,162,509,549
23,1728,3897,4233
19,1009,143,347
17,406,122,286
52,83,314,236
16,1374,581,1199
18,473,580,114
16,661,429,431
23,1041,3097,444
60,137,117,139
23,237,417,640
35,177,120,119
47,250,224,372
41,224,2400,1057
21,150,219,224
43,186,950,427
16,4697,1823,2791
20,238,712,314
20,839,359,1077
18,1522,2059,3779
19,4043,292,1489
27,189,102,182
18,793,204,315
31,418,113,654
18,61,350,249
17,1544,257,227
32,56,356,176
18,418,186,196
58,53,244,103
52,128,687,396
23,496,1524,466
21,203,304,422
21,1682,2295,4190
60,216,407,213
21,321,2208,940
56,2092,120,431
19,660,126,165
27,401,588,1810
46,51,402,146
17,1403,821,1399
28,143,200,181
26,163,709,197
19,354,207,800
60,115,161,199
23,175,104,106
15,547,2944,1376
23,648,878,1591
18,220,525,389
36,53,485,321
35,107,956,158
32,177,1225,534
21,316,156,285
18,266,1801,406
50,159,169,361
14,233,178,378
26,138,2296,951
32,387,134,276
44,288,1193,465
24,162,634,379
31,155,109,233
62,68,455,269
42,144,474,362
18,292,359,177
53,393,121,276
41,174,576,618
41,359,1480,1652
28,225,2462,736
18,994,419,597
61,502,442,818
19,2576,1197,1616
52,171,315,368
47,382,2919,1667
18,215,2640,634
24,254,931,111
47,174,343,358
15,629,152,439
33,206,198,165
16,2344,112,134
20,630,648,1634
65,162,3567,813
19,155,150,256
22,256,340,424
16,126,296,288
21,1467,1771,1599
66,209,360,169
26,299,221,203
22,130,148,114
17,3894,1848,1444
46,62,690,118
33,213,117,230
53,209,217,150
17,197,183,115
20,368,853,821
61,191,177,595
50,126,265,166
20,196,657,960
45,130,1388,462
52,1407,1837,1693
33,620,2656,2816
18,1324,360,306
16,1850,561,3885
20,550,851,1323
60,70,3236,1995
47,443,533,625
62,246,489,435
21,331,228,547
19,276,358,921
43,122,1132,172
38,57,269,597
18,692,294,400
25,174,556,870
22,265,838,1142
18,612,418,1008
19,362,724,716
15,650,432,225
26,1661,767,873
16,574,104,232
21,610,1353,1399
53,715,1193,1692
15,678,479,502
52,143,180,202
52,525,565,396
17,438,376,480
16,667,365,374
22,331,869,880
15,591,343,408
25,562,1301,1095
50,154,2710,744
48,91,187,182
35,740,1713,809
49,265,208,902
16,805,481,217
15,2430,390,1613
51,66,371,414
45,102,310,176
44,146,129,523
44,177,380,205
17,654,229,1224
21,203,422,588
25,621,125,194
19,140,471,408
57,205,227,150
24,171,126,244
66,126,1173,632
47,86,169,131
16,233,601,341
46,64,269,306
49,261,215,154
15,481,626,159
66,270,327,299
15,433,643,197
33,4792,177,1052
16,225,1420,200
15,1232,1010,2331
35,125,116,105
18,418,292,388
49,286,2263,919
15,129,166,432
16,2107,177,401
17,1252,356,286
23,355,673,360
16,222,1206,425
16,213,209,118
44,170,544,243
65,141,567,355
66,95,874,186
20,357,386,377
17,429,761,635
46,108,172,150
66,337,1410,709
25,289,458,125
55,326,872,212
19,524,806,797
22,278,1096,398
18,246,125,315
22,227,245,306
63,222,633,289
22,396,147,223
36,229,184,315
31,208,280,381
15,1162,459,1088
19,684,106,101
25,254,497,217
51,316,526,306
62,155,1385,541
19,468,666,390
26,402,404,177
58,76,621,282
14,1658,1630,837
24,416,466,311
23,94,888,288
50,61,688,356
53,88,263,167
52,113,309,138
62,165,1187,1676
23,79,286,180
38,93,188,223
23,1052,1141,869
19,336,511,194
59,162,283,363
28,773,3542,2366
32,147,227,369
17,57,104,144
17,1705,132,214
22,234,235,379
24,268,476,982
18,970,179,422
18,107,537,444
17,244,155,259
61,358,115,127
40,108,387,103
14,529,2063,1787
25,83,326,151
33,268,1446,735
25,221,2465,1072
17,2354,679,1805
38,169,601,121
24,635,245,340
17,432,493,796
14,553,1147,805
36,661,309,559
18,136,309,194
30,328,521,449
19,113,128,247
16,138,1151,187
19,686,377,1407
21,345,123,206
20,576,218,519
61,107,211,511
31,259,874,369
23,511,1045,883
26,137,328,143
19,3463,875,2000
35,79,399,157
16,2524,935,1490
57,182,255,173
20,701,1189,2069
14,528,583,128
20,242,429,378
41,101,179,162
28,149,859,225
23,337,341,269
52,70,135,368
19,452,875,630
16,155,499,534
63,201,1465,1255
21,601,538,419
15,566,639,157
24,637,441,103
59,253,132,286
28,496,436,513
16,386,196,145
38,118,190,165
21,1007,691,395
19,105,230,205
18,540,647,1062
18,3989,119,596
28,124,250,538
21,427,141,230
62,126,345,106
51,424,457,238
42,118,1783,370
21,378,468,668
36,223,444,802
18,104,616,224
22,78,841,698
23,1124,399,360
21,2207,2213,2138
18,450,305,160
22,129,346,233
20,2858,640,2552
36,125,225,166
58,819,1669,228
40,449,288,285
21,797,247,181
27,85,441,168
15,1016,217,512
20,93,573,296
45,272,189,380
34,232,425,594
19,160,690,578
19,1073,309,432
38,204,118,231
60,186,2481,1576
18,575,1053,527
26,94,262,272
21,1119,1893,3170
47,120,159,145
62,461,1939,1092
16,426,246,264
24,1587,347,953
17,1356,261,211
18,2191,3150,2344
31,413,739,504
16,175,917,772
21,195,158,193
64,147,1624,837
18,1155,499,394
47,103,304,110
25,309,263,394
45,119,217,139
14,327,135,175
25,353,436,179
58,88,347,142
18,459,142,110
52,167,1387,1927
39,174,127,411
23,272,170,394
55,106,1734,594
18,61,246,169
44,574,517,606
25,1626,1309,1130
32,105,323,251
23,258,330,288
17,949,1942,1727
24,950,119,247
51,172,1352,814
22,324,230,285
50,250,295,242
34,163,358,131
37,181,1497,919
16,180,266,178
16,387,1066,2168
21,1081,323,497
46,137,796,451
20,110,166,229
26,241,313,195
27,252,366,204
29,524,249,282
31,224,552,301
17,3504,147,373
23,179,651,112
51,110,181,153
25,525,136,278
29,248,186,202
16,221,249,147
30,336,133,225
20,246,166,136
27,476,284,388
18,4544,421,1158
19,855,1529,680
59,170,889,545
23,559,829,1066
48,645,616,153
60,71,140,180
21,210,811,166
18,1354,126,140
15,517,985,1815
18,808,4179,2318
20,406,1018,1955
30,698,438,400
33,386,726,444
20,298,557,149
22,1126,143,281
21,371,804,585
20,327,272,416
15,678,385,344
55,97,422,368
22,646,421,468
23,52,332,1105
61,216,1002,583
18,453,639,146
20,309,2124,1007
23,163,699,530
63,197,151,120
23,367,215,109
26,268,174,741
27,366,413,248
19,854,1247,268
25,109,800,212
14,588,351,298
19,1817,339,723
33,132,293,542
44,75,267,219
30,266,583,358
25,674,534,1252
30,442,1665,3292
22,363,138,135
15,597,196,138
19,126,168,330
15,4475,120,500
43,289,1157,626
17,760,535,491
40,65,1225,561
21,1742,513,1805
31,693,327,1407
17,381,267,507
25,177,707,482
21,55,867,655
33,558,1679,285
31,407,238,614
28,171,102,220
54,77,285,596
16,609,235,104
54,63,469,243
17,337,102,351
16,168,1376,577
15,503,122,293
63,207,205,145
30,1351,427,1504
18,181,217,107
43,164,619,107
49,83,262,140
17,947,506,3982
35,130,471,297
18,1051,1108,699
42,91,149,109
18,351,294,256
15,354,162,103
19,1893,2112,1287
27,169,229,384
20,444,1482,784
14,1186,1717,2136
14,239,301,222
50,700,1147,607
58,778,1677,1297
32,671,823,310
18,232,763,367
19,250,2319,1778
49,136,183,413
33,249,158,108
31,424,168,300
16,945,2195,2249
38,75,745,523
51,105,198,128
47,214,242,112
18,703,770,564
14,250,336,347
16,200,943,2652
19,279,345,176
19,115,168,181
30,53,403,344
24,133,930,252
41,605,172,181
26,117,278,111
26,172,702,242
29,88,217,119
65,92,459,172
20,503,1121,564
15,324,405,247
57,195,1905,309
24,363,432,158
21,756,121,453
19,925,1844,242
53,1046,1155,1655
25,555,3876,1769
20,783,392,597
19,585,105,138
27,1413,163,215
19,899,670,553
52,107,371,107
23,1078,396,1165
31,505,198,207
17,211,342,423
13,458,1786,722
19,533,1609,895
17,898,285,117
20,493,481,516
25,218,187,310
23,62,465,520
18,123,312,242
41,159,165,140
65,566,622,119
45,332,121,140
19,122,1603,266
16,130,380,529
17,1084,3074,4553
34,107,317,211
24,240,108,153
27,77,319,177
64,133,663,135
38,1158,1389,1431
35,116,412,364
26,2832,1954,4671
61,74,627,195
58,313,233,209
65,101,543,114
24,2039,1390,1546
21,298,619,500
59,240,281,111
16,133,3065,1397
44,345,279,825
26,95,315,344
31,126,502,308
56,207,1029,224
24,231,272,221
46,1083,544,1219
28,287,174,144
21,430,199,330
46,359,1625,588
29,319,147,204
18,185,1037,471
50,490,587,299
19,931,416,937
61,230,463,520
18,315,884,356
42,224,723,165
22,954,2028,2823
48,143,137,374
29,119,174,192
28,823,446,556
30,175,564,118
25,444,2616,1889
36,276,1307,1400
19,997,155,188
57,149,916,369
49,121,375,215
63,81,171,108
42,492,1177,4622
14,586,2190,442
18,759,2418,678
32,105,562,282
32,1064,689,168
15,671,118,104
18,518,4952,2907
25,128,586,178
37,317,549,464
38,211,320,243
36,172,427,184
43,224,106,120
31,225,1018,1594
26,76,972,148
14,681,870,754
22,99,416,182
62,335,618,656
18,146,1999,345
19,3118,724,3589
18,540,154,430
18,167,480,173
40,149,358,142
21,183,128,203
19,808,1160,179
55,297,524,627
23,552,128,132
54,280,424,630
15,977,3651,2053
18,126,123,156
47,179,531,269
66,377,339,483
25,173,2174,485
42,400,1171,1190
43,116,287,174
58,957,1309,530
24,90,1071,745
19,59,2157,501
17,292,269,345
65,198,219,281
50,183,310,752
17,86,275,638
60,61,1155,782
16,177,423,157
20,1074,377,408
24,726,104,507
56,199,261,278
66,240,754,932
41,379,387,268
30,222,239,178
27,157,329,124
19,494,109,192
47,95,420,344
29,217,404,230
15,432,1755,1028
14,692,290,289
63,87,574,214
18,538,812,902
19,749,987,1080
62,91,442,204
18,1823,147,1352
47,124,771,241
27,333,472,585
20,173,737,510
37,243,358,305
24,355,207,131
16,432,1022,897
31,253,1052,296
24,879,532,190
18,240,226,118
19,3639,514,962
60,91,230,152
64,307,1071,160
54,175,644,566
52,94,182,182
32,92,102,159
18,253,1762,233
31,147,492,327
26,875,866,266
66,207,593,211
22,2223,280,630
34,228,193,281
60,115,204,236
16,634,629,475
56,62,364,291
21,795,1626,1744
57,119,913,398
15,4080,3306,3069
24,226,359,418
65,167,1284,160
22,170,956,543
24,118,152,102
21,1757,149,558
47,187,1243,1399
62,71,252,124
24,704,302,555
20,420,163,150
38,211,160,250
18,607,594,1320
17,1673,554,376
19,186,2952,2062
21,113,420,222
34,390,520,475
22,993,815,1362
21,606,2767,880
55,199,799,304
33,222,196,110
19,908,965,2507
19,205,370,342
17,656,132,185
21,556,311,204
49,352,155,233
24,1812,176,302
16,577,1006,1287
31,252,1044,540
52,71,494,694
63,161,403,648
61,221,215,178
43,823,411,491
30,105,622,902
33,163,174,257
20,75,272,308
17,3521,2583,4389
15,952,305,140
30,299,397,357
15,123,111,191
25,271,161,224
25,71,260,130
17,4584,108,682
26,186,236,159
19,1058,377,581
25,125,237,763
28,63,406,180
15,66,717,259
17,298,863,1497
30,167,276,127
38,246,158,298
25,362,108,324
27,254,417,502
25,61,314,303
56,105,1026,344
24,158,649,215
55,104,113,103
19,180,1565,623
17,394,852,816
54,355,328,650
58,260,105,238
31,143,387,139
55,66,162,127
16,928,1342,1261
23,207,168,264
62,92,338,550
16,2121,2308,3359
26,1656,848,4223
18,1282,632,570
34,115,1944,448
24,243,265,162
31,475,937,449
24,443,213,468
65,477,760,289
65,133,353,221
24,540,490,555
15,701,243,219
26,319,157,353
33,54,613,135
25,1281,154,429
22,4037,147,2997
17,589,4348,3446
29,605,529,979
18,154,390,172
25,120,441,464
14,955,2065,2493
15,235,490,292
59,79,104,123
61,173,600,241
18,1663,854,649
21,537,2237,469
56,71,155,352
16,1057,151,108
51,139,281,160
22,249,462,331
21,79,1078,1648
56,51,1157,109
18,684,214,348
19,1676,2247,2506
26,147,332,655
18,1134,4583,2737
21,4211,569,1277
27,153,455,203
58,69,2480,1653
51,463,3884,2283
23,183,785,400
28,147,276,129
16,658,1185,509
14,2023,296,3400
56,105,1301,431
45,389,145,509
17,157,2041,518
17,159,170,376
21,361,118,297
65,168,153,146
14,319,567,788
63,118,1218,171
23,172,324,576
56,234,1523,620
28,403,4123,933
26,466,109,317
39,210,239,391
24,361,850,204
23,239,488,107
20,158,338,198
16,1288,1227,1214
54,161,303,205
19,2560,3585,773
14,569,1395,318
35,81,183,212
47,96,432,324
24,1368,462,2511
29,1027,768,1537
28,387,428,237
20,319,245,281
58,943,226,1516
31,76,233,123
20,395,263,355
39,85,232,300
21,1010,222,250
27,366,189,250
30,112,162,133
39,428,180,318
16,1818,241,402
15,108,495,255
26,1824,3101,590
21,156,472,293
40,85,1208,543
22,404,676,150
44,298,122,137
24,498,521,206
40,245,1016,657
63,490,216,198
40,116,3630,898
60,128,257,189
14,173,283,565
16,609,716,1084
23,718,360,155
55,296,287,177
33,342,1196,904
25,262,110,125
18,214,465,195
59,274,566,146
29,196,198,337
53,346,1270,1252
18,2609,251,283
61,71,327,154
23,547,396,351
19,111,1425,327
14,955,1931,1255
22,390,342,573
56,210,1347,247
33,84,709,664
23,797,471,1569
20,289,928,236
23,325,181,154
17,224,1082,370
25,190,606,237
19,938,2094,2379
44,77,128,125
21,826,133,227
47,62,141,105
38,401,150,408
16,756,1078,1709
20,99,547,176
40,64,115,284
49,601,568,555
55,522,1384,299
19,832,957,1258
16,181,359,383
14,846,2041,2208
20,396,174,293
16,1060,693,921
16,616,192,154
21,183,553,165
40,57,183,127
17,624,237,404
64,121,245,159
59,92,560,395
19,1277,935,1079
23,268,158,109
29,434,472,511
55,268,334,451
36,64,176,181
24,145,510,420
17,198,335,248
25,222,516,567
50,185,2554,466
20,271,628,165
26,281,1031,326
19,1751,115,206
29,196,420,501
29,197,156,104
33,282,414,637
19,850,444,474
55,165,171,118
22,656,166,377
18,429,102,192
39,196,422,180
19,515,590,720
52,416,310,678
15,143,589,101
27,618,3224,1409
38,109,507,111
20,722,2227,899
17,1484,158,264
49,298,653,967
41,103,242,415
66,141,740,492
19,615,1265,842
39,775,256,213
58,331,217,342
17,402,2336,2447
62,81,2607,387
27,724,905,973
26,197,113,122
33,207,1227,181
20,58,157,241
21,485,1977,989
16,2339,446,1046
36,2561,127,1893
16,657,592,131
41,101,332,541
40,217,332,191
28,318,283,284
47,299,655,369
65,214,257,160
44,77,122,111
45,170,502,224
64,225,665,129
19,580,530,448
64,555,586,654
23,272,985,362
31,118,141,268
17,239,113,237
33,372,1151,640
64,1078,1138,2251
16,119,541,551
47,436,1746,727
18,378,367,607
16,379,722,112
34,162,835,340
60,357,329,841
25,107,183,130
23,564,363,407
20,743,889,1823
17,1264,121,319
20,424,116,101
20,260,1924,2145
19,138,1255,290
54,485,600,261
18,172,952,190
28,635,226,138
43,174,167,119
19,142,189,208
37,252,881,196
16,203,1660,323
61,170,266,314
18,390,421,392
22,456,521,617
24,998,276,200
18,349,351,693
28,994,414,187
22,484,268,174
34,249,503,247
25,543,627,1043
19,519,127,240
24,286,230,262
29,150,345,246
18,125,579,640
66,70,224,241
48,167,2184,828
18,211,534,749
28,311,398,123
60,56,206,303
27,312,514,332
62,101,474,528
21,391,1054,276
20,211,1262,1073
22,403,342,240
18,620,807,401
32,209,102,142
26,326,977,182
46,190,793,448
39,357,118,266
20,584,338,206
49,95,749,911
16,798,496,241
38,87,371,275
28,85,171,171
55,351,161,201
15,2043,135,541
15,358,512,1012
15,643,791,2500
18,70,246,259
33,431,2619,515
16,3556,644,1381
27,106,316,111
18,199,496,166
19,4507,202,1185
62,290,749,566
30,117,199,160
30,605,830,262
56,166,372,102
14,1120,600,485
15,903,1229,1018
18,386,434,592
24,461,392,262
21,334,132,121
25,371,618,1294
15,1586,1378,1743
16,935,620,1153
48,115,1172,579
25,459,245,3833
38,226,289,1420
25,169,449,290
31,293,140,195
36,308,3191,1432
31,456,237,854
16,1442,225,513
22,151,358,140
57,312,373,189
54,119,544,122
39,112,119,109
48,225,329,996
61,102,178,719
23,2211,3294,546
19,692,719,115
31,161,511,515
18,1356,123,149
19,1236,256,478
50,64,498,370
46,106,280,135
44,58,136,144
23,458,229,187
38,307,409,528
20,2763,1367,3632
28,284,1245,247
21,648,475,179
53,112,2028,953
25,904,1511,900
58,133,618,278
14,329,410,479
34,238,398,102
14,713,567,981
55,60,780,247
54,334,414,190
38,215,176,173
27,143,173,445
65,227,222,127
20,542,183,285
23,3993,2112,4548
23,1574,208,490
20,71,297,198
15,311,264,446
20,180,278,512
54,161,470,110
17,332,189,219
48,160,1885,230
26,337,1100,1002
22,1280,4442,3338
50,86,140,110
17,682,474,149
24,892,1472,479
18,200,706,230
18,1515,133,338
66,248,779,838
49,398,366,190
50,173,392,279
15,522,647,481
57,163,232,439
61,883,581,285
15,87,185,321
16,1465,215,841
23,381,310,626
17,443,124,187
51,263,180,512
64,301,615,352
19,316,1378,810
21,433,188,156
27,714,264,1009
18,1124,526,178
48,133,165,189
23,990,1606,908
21,401,526,339
15,309,834,603
18,91,207,285
61,614,251,243
30,71,724,130
60,126,544,265
25,60,659,182
18,470,220,583
21,1649,541,1057
22,187,249,227
50,355,125,108
34,65,126,148
32,541,560,723
15,913,186,657
65,202,601,940
37,351,1514,659
20,973,1254,742
19,569,2132,1147
28,109,106,153
14,483,367,204
15,702,740,365
58,194,287,165
19,490,4288,1243
20,489,1368,1793
18,139,605,1072
19,296,286,211
17,1139,254,179
49,120,237,160
25,550,1868,2676
28,116,334,285
27,331,147,155
55,151,273,393
50,138,2104,360
28,82,835,529
19,1129,1233,2160
50,101,978,264
54,157,368,150
52,161,1387,612
23,616,159,132
21,138,303,263
15,548,232,190
30,229,868,453
17,1224,1279,2432
19,660,1139,257
53,144,838,691
23,312,186,145
18,112,150,191
18,3728,444,574
18,366,1125,1536
47,332,3776,1966
18,250,351,324
16,1535,2203,3048
61,732,1684,3010
61,165,767,132
57,573,914,682
15,1150,173,154
37,159,919,119
22,250,444,194
33,300,608,613
21,1038,578,721
17,457,586,861
32,75,2333,1440
58,62,833,145
24,676,412,407
31,75,238,185
27,120,721,410
21,148,138,157
22,1031,431,579
22,391,265,497
31,247,127,127
18,866,2855,668
17,680,116,604
23,336,862,140
19,1019,385,599
33,142,398,179
44,261,200,291
47,556,1214,642
32,209,435,610
29,753,315,1062
19,75,1355,1288
26,768,913,304
18,622,1182,1427
18,255,794,383
26,1150,313,679
18,1014,2219,1429
32,120,328,167
14,289,504,184
47,110,306,335
25,966,781,1278
46,224,178,210
43,102,1759,283
20,305,176,195
63,1713,2652,1719
17,260,1409,1424
40,88,244,202
55,73,727,288
14,1423,836,862
42,55,108,159
17,211,549,534
15,465,300,241
19,74,587,759
35,666,110,306
38,231,122,218
18,286,195,506
17,377,461,116
60,99,215,102
26,235,422,167
34,742,247,137
16,112,151,164
17,371,4073,1027
40,133,211,244
37,122,539,343
33,60,889,948
52,74,202,143
38,60,1003,1509
20,1080,567,636
15,469,3841,1088
20,4540,1169,482
22,182,334,401
20,232,170,854
23,829,260,256
20,1041,259,1163
19,841,415,861
32,157,178,130
48,219,302,312
25,748,287,221
17,503,138,121
49,179,188,123
18,1422,746,3569
52,79,101,136
23,339,265,343
24,263,391,310
55,88,936,250
27,310,495,492
17,870,400,363
17,473,1414,452
45,66,142,137
51,633,284,378
20,266,197,244
15,218,933,1225
21,1277,1750,3205
64,181,1580,721
54,151,195,153
58,83,1007,770
34,254,212,329
16,662,185,110
54,321,207,118
14,232,123,224
17,1132,231,414
54,405,206,106
25,191,302,182
33,114,480,422
20,982,2124,1506
47,160,647,974
25,225,650,470
14,496,373,198
14,1019,148,156
35,151,309,271
19,92,829,545
36,126,185,386
63,132,321,237
61,162,326,120
47,1414,332,617
17,1037,112,200
62,407,987,118
31,61,548,153
34,166,174,461
45,138,449,116
18,1067,132,340
63,1297,343,447
18,1034,493,2545
24,747,869,961
51,445,195,128
20,67,132,124
18,3330,513,4187
26,244,690,148
16,356,113,203
14,1354,570,128
60,486,2792,892
56,72,1023,204
20,564,733,401
21,395,377,660
48,252,853,522
36,88,156,105
63,139,461,152
27,347,132,126
22,279,1092,742
37,375,798,636
44,379,4218,2413
55,473,709,548
23,61,213,193
19,355,131,108
50,143,141,102
53,108,782,210
27,122,403,510
25,140,267,568
19,595,759,943
23,467,654,425
42,131,262,245
27,464,165,512
44,64,405,373
18,856,749,671
45,162,133,110
21,151,156,414
26,176,715,811
27,717,444,267
30,161,288,242
66,173,461,372
50,3681,463,3801
18,186,262,160
31,1037,2883,572
18,535,236,804
14,321,1687,383
27,178,169,384
19,338,315,447
63,623,744,1318
20,268,247,174
27,328,581,578
14,186,318,125
23,840,4105,1741
18,215,159,261
53,187,584,830
45,120,206,251
20,412,248,378
23,591,2775,1610
33,273,141,557
19,150,140,112
21,404,182,657
19,240,1109,725
33,802,440,698
17,120,332,242
19,400,611,287
48,128,488,210
52,93,648,302
20,406,1235,3524
16,817,318,510
15,246,221,222
32,151,160,123
25,235,234,342
18,802,173,2113
32,575,385,868
48,112,1224,257
51,178,213,147
24,422,2100,1052
22,561,198,219
17,2838,2320,1366
46,405,232,212
23,1575,2580,1944
28,362,379,749
15,89,310,116
26,203,488,181
18,1940,156,1151
19,374,858,1034
19,1535,399,521
24,85,137,137
24,250,3146,3484
18,1059,1754,4434
15,578,309,197
44,122,1457,1074
48,232,187,154
40,296,459,455
19,624,192,132
31,263,2881,1341
34,542,161,470
27,222,101,127
18,106,683,781
24,368,268,1337
23,510,2622,354
19,518,862,874
32,555,2307,1281
35,74,629,109
14,131,1239,102
18,369,2191,2083
50,184,372,694
17,630,377,220
16,310,417,337
48,364,461,423
21,299,454,264
17,274,833,316
44,167,580,264
15,811,3943,4443
63,67,1028,662
21,132,518,122
18,274,1466,1541
22,393,125,160
20,750,280,496
58,135,350,101
61,834,586,1219
16,415,1190,2133
53,79,308,354
57,278,118,149
48,911,823,590
31,146,233,305
16,90,284,174
19,203,265,473
48,218,279,414
16,340,132,286
20,1118,107,256
25,2396,163,198
30,273,204,196
18,423,1086,629
55,61,209,114
20,263,322,126
48,102,245,113
56,131,216,106
20,970,930,620
18,482,404,329
13,572,649,934
18,1203,1893,4212
19,289,204,291
26,137,641,199
35,321,1283,770
18,241,1528,939
37,145,261,384
14,3463,1659,1385
28,539,400,275
20,1037,1120,640
39,377,626,951
20,1419,471,285
57,53,366,161
21,490,545,1448
20,1103,709,419
16,685,870,155
58,249,184,111
21,163,476,333
65,130,260,309
25,677,146,158
21,1121,1499,273
48,143,150,133
38,266,760,861
59,249,198,359
30,206,130,360
20,1863,1290,548
17,148,147,257
17,197,1017,407
20,140,524,187
50,283,1244,912
19,711,249,387
14,331,458,401
18,444,202,101
28,195,1586,1338
36,81,196,186
16,312,494,403
61,598,4749,1806
33,372,1545,558
58,63,145,195
16,331,435,227
22,145,1069,548
16,1406,1565,665
14,1436,682,636
18,909,375,183
21,75,149,126
32,354,110,137
19,443,328,206
14,254,460,856
34,186,551,864
39,375,452,463
23,200,163,104
16,506,1412,1734
16,213,309,108
23,1070,196,271
23,316,487,151
26,333,176,262
38,993,256,240
21,574,3257,1261
52,289,294,566
38,273,3422,1318
27,98,230,110
17,127,134,108
17,1136,135,110
25,1073,3629,2131
18,165,271,326
18,211,464,211
21,354,318,185
23,391,204,207
24,364,430,700
14,945,132,110
22,300,548,643
21,489,114,451
15,600,702,617
20,270,416,619
22,706,277,190
18,342,121,109
34,97,509,135
18,2129,2803,4724
31,495,125,519
46,262,223,261
33,216,731,566
16,613,649,865
18,454,177,464
25,586,191,147
23,363,234,244
19,1156,213,1388
53,647,248,173
50,111,319,237
18,1220,608,1163
16,203,1166,243
15,1989,1247,2820
18,991,181,685
15,403,414,150
19,346,1171,599
32,1375,131,156
18,237,749,208
31,335,292,190
57,198,244,140
23,371,1673,302
25,316,1048,1004
28,230,783,665
16,1533,153,1001
43,162,233,893
18,366,951,144
16,1107,243,596
18,304,603,293
25,592,507,713
17,317,294,525
60,308,363,505
56,72,290,192
27,471,173,116
56,235,365,356
54,109,372,352
18,1421,775,1518
23,298,434,190
18,599,1953,1207
55,83,445,528
28,80,107,113
21,170,568,291
44,132,220,130
46,118,370,598
17,73,944,148
23,648,102,719
48,139,279,134
47,69,114,162
49,591,665,265
14,847,737,1197
30,194,838,216
25,425,221,436
34,113,244,189
19,1073,198,460
50,122,2032,158
43,223,2152,969
21,1659,147,519
19,1020,2623,1095
18,583,134,130
35,331,1630,1431
21,415,927,472
21,581,125,113
18,1199,454,1386
33,200,1741,1096
17,277,699,218
38,359,516,560
19,90,212,103
50,441,287,493
46,198,179,240
21,338,1292,109
38,547,129,187
23,251,920,478
24,218,2846,3865
18,227,191,215
58,83,142,118
54,213,977,1817
57,424,2100,1564
22,64,153,159
21,54,266,155
21,264,112,170
16,296,246,401
33,233,1654,1628
18,1003,134,195
26,196,235,120
45,216,131,289
21,191,125,104
18,157,4261,1096
26,1576,127,480
22,381,228,104
15,830,351,193
50,79,600,230
49,67,325,188
21,88,233,111
20,88,2356,289
53,261,182,187
63,144,1393,266
29,516,603,646
55,55,728,175
59,205,1926,405
14,1352,3214,598
53,205,518,356
66,334,142,498
24,267,659,1109
30,210,1587,797
49,795,2586,2497
31,158,231,237
18,1124,1898,426
14,486,1528,1178
49,241,227,129
37,305,282,246
47,130,226,970
22,258,1340,223
29,197,560,856
17,899,531,192
37,194,827,491
19,734,124,192
27,357,221,496
20,488,181,313
18,212,666,878
31,164,1091,1260
42,357,435,482
16,909,117,169
18,430,386,257
18,409,691,109
42,100,135,302
62,276,1230,461
20,508,115,452
17,888,1921,346
28,248,142,106
34,277,266,250
63,1388,145,259
14,352,239,116
19,630,584,472
25,454,316,308
31,671,102,379
38,202,221,300
64,155,1244,319
34,728,1402,289
34,381,427,586
31,155,207,348
28,307,1632,1206
50,683,475,331
35,213,121,153
18,866,843,926
23,388,159,318
21,237,211,253
64,297,1585,2018
30,71,507,337
28,183,522,406
18,809,2015,1459
25,500,655,1967
53,184,602,264
56,147,889,931
36,341,234,289
59,209,856,2712
20,272,486,177
16,998,445,612
21,339,2917,1804
19,716,331,312
53,64,289,316
21,302,188,310
30,221,758,322
16,431,869,913
19,515,312,164
17,65,536,339
25,1239,243,815
33,135,947,1235
46,555,796,1181
65,106,160,842
25,61,209,137
64,420,3716,1229
14,77,828,144
31,183,1536,3512
50,95,885,269
20,1964,146,1706
31,64,419,180
15,1037,616,281
28,289,213,134
20,175,237,350
25,736,118,302
28,155,152,291
33,329,841,661
22,524,120,260
57,229,217,138
21,260,101,109
52,361,665,1171
49,90,289,174
37,65,592,535
30,307,153,279
17,884,727,759
57,111,157,121
54,128,277,152
19,819,293,275
46,104,2879,214
18,341,2272,3827
33,104,324,1179
20,199,183,281
62,124,661,352
20,555,309,449
43,314,1121,847
51,120,391,179
27,823,194,791
14,398,347,130
29,91,214,151
15,653,141,295
47,1337,1250,397
63,121,178,220
27,115,170,662
59,483,338,171
36,710,3741,1885
22,154,247,178
19,673,321,196
30,319,353,193
21,130,397,148
21,160,172,120
21,612,148,363
23,135,496,262
52,231,404,139
15,700,806,771
18,661,231,111
23,211,2407,1582
39,294,197,145
22,239,783,167
21,620,127,298
61,206,642,809
19,330,473,388
57,181,575,245
60,225,206,148
13,251,406,217
29,399,523,140
20,247,354,325
17,200,358,448
43,109,1004,240
18,373,168,158
21,179,2005,566
31,309,536,574
15,376,1018,232
19,1112,269,442
43,123,946,464
63,65,2514,309
17,1099,4731,351
24,751,619,458
25,1020,3896,3392
21,649,287,250
31,114,173,125
30,133,301,172
47,124,1301,913
66,193,183,104
60,363,253,226
63,114,649,142
19,263,163,145
21,476,118,272
17,343,194,118
19,259,248,184
59,61,393,164
50,362,193,505
23,773,770,259
21,72,136,123
17,186,288,287
46,389,424,161
18,218,194,1319
16,335,300,365
22,58,117,169
20,418,140,380
65,148,2735,645
19,682,121,256
15,628,2844,1115
19,1551,417,677
17,1915,346,4788
29,288,3290,518
19,888,1281,343
19,272,600,585
56,89,216,819
20,413,3350,4818
49,95,131,120
15,3459,166,836
22,1191,200,413
23,177,185,231
24,481,3295,4170
13,268,165,134
16,409,728,323
63,71,4019,541
19,932,1346,1849
19,259,669,109
53,325,193,113
60,180,1142,221
18,119,319,130
19,156,637,603
19,2175,707,703
18,3386,733,1557
25,281,179,594
32,774,199,104
18,283,780,571
30,1464,372,604
14,1319,1333,2260
21,858,673,1742
38,278,612,435
59,135,253,421
28,172,256,161
27,366,950,741
65,79,297,129
25,571,130,222
43,168,203,310
52,145,394,239
21,261,1336,458
35,91,176,135
16,527,229,485
58,156,675,187
36,411,380,195
16,178,286,461
30,276,207,248
33,140,143,497
34,325,134,205
19,597,669,470
35,790,330,405
37,62,199,109
21,244,493,479
19,565,2925,1115
20,2033,2708,3969
21,1149,364,487
20,1743,111,436
17,107,536,154
19,736,442,688
17,190,1018,662
17,194,616,204
21,319,211,167
17,792,1976,1768
26,92,162,140
23,3637,154,1142
28,332,314,235
35,219,208,126
64,64,325,121
21,1040,1250,928
20,135,916,1802
56,81,254,175
21,900,1907,951
18,293,211,312
48,174,873,1157
56,100,624,268
23,1062,1949,727
29,269,157,276
58,93,941,383
28,407,961,437
17,627,227,231
28,251,121,217
23,154,525,301
35,300,368,642
36,185,591,270
58,161,3142,1052
20,1342,896,825
23,57,1232,421
47,123,3331,1200
27,214,178,285
31,298,469,690
16,4638,2402,2947
19,972,213,166
16,141,232,514
31,459,611,445
15,2225,2124,1486
52,158,385,270
17,514,271,520
19,317,350,292
20,1034,845,559
21,3135,1725,2441
24,323,741,767
64,103,165,330
33,139,205,373
16,822,480,343
45,71,317,258
51,833,315,154
18,201,283,131
26,234,1197,830
25,231,284,1538
20,746,752,1087
44,96,284,217
21,150,1439,200
32,172,414,232
31,266,312,350
45,242,434,317
19,598,187,217
18,112,264,111
42,459,1344,687
15,370,420,224
64,242,241,547
51,89,745,451
22,347,628,433
17,599,602,1125
39,69,918,391
23,827,331,845
15,1871,1029,2375
23,216,218,253
28,279,541,501
21,505,156,284
18,671,325,602
52,232,332,233
53,55,290,135
23,1251,187,877
28,87,1886,794
21,346,143,427
15,798,938,1061
50,76,530,1911
26,305,234,483
55,107,1412,283
21,303,1399,367
29,71,287,109
36,126,486,206
16,1065,785,1124
50,373,323,260
20,517,397,515
31,491,707,123
35,804,477,901
28,452,451,232
14,2091,899,2297
44,125,131,172
51,253,146,291
19,227,119,215
64,204,185,367
23,262,141,310
21,584,481,456
18,720,298,207
24,247,3096,931
40,346,736,659
25,548,967,1137
20,246,221,219
25,221,1044,576
20,1078,740,133
36,625,716,288
53,176,226,224
23,156,222,257
26,817,911,293
56,976,1437,1958
25,337,897,640
18,759,512,773
31,365,1286,1462
21,398,342,402
20,1233,445,601
29,263,660,326
16,812,303,1321
25,113,256,111
26,570,458,247
62,97,225,114
16,304,447,260
20,206,1051,614
32,120,177,304
54,198,519,403
19,225,158,575
51,168,181,181
21,198,1686,809
22,220,304,258
50,498,401,257
18,601,243,119
57,57,108,168
21,399,1471,2263
33,140,273,187
32,161,110,146
22,109,668,352
14,345,203,229
24,299,108,326
25,348,539,216
25,97,671,210
50,87,159,209
19,206,1212,1117
20,348,611,702
24,213,277,957
23,480,501,336
32,126,232,123
24,72,228,193
48,117,418,230
53,73,117,219
16,605,107,439
30,197,471,379
14,624,844,148
41,172,117,247
18,610,1249,2322
63,185,166,199
31,237,337,224
48,179,118,371
21,1172,415,320
26,91,1520,178
27,178,125,164
17,307,136,253
17,308,446,232
14,1224,235,380
23,206,189,233
26,794,554,1055
22,191,829,693
16,1265,269,411
15,392,403,388
16,1285,1097,401
63,193,346,168
23,421,348,392
19,167,129,200
51,109,107,158
17,420,1753,1846
27,245,723,1493
30,368,175,693
16,364,145,187
20,429,439,1298
21,328,157,656
50,2179,1864,1777
14,408,813,265
49,478,270,134
21,283,193,208
21,327,140,113
27,1247,4523,2423
62,251,829,219
49,285,1804,916
46,145,481,199
25,781,117,377
49,324,414,104
33,464,303,385
34,355,323,337
17,703,714,528
60,164,180,137
41,179,190,345
15,468,164,192
22,166,417,400
26,137,865,348
18,917,109,223
23,152,134,192
21,215,117,154
21,306,128,264
22,488,2181,2203
20,283,193,130
28,850,2745,1870
20,209,401,386
15,1926,161,570
16,1782,638,1109
23,303,210,111
22,213,554,448
18,435,521,393
25,139,305,116
54,74,274,254
17,602,357,277
32,207,121,497
59,332,187,485
39,181,110,152
20,384,612,1194
25,193,118,112
23,2733,412,832
19,1770,272,680
66,238,238,127
23,290,1196,905
20,394,214,271
32,157,552,277
20,498,105,113
15,477,507,658
17,308,180,228
17,480,382,231
51,95,275,233
17,2081,952,3297
16,284,663,501
28,176,335,273
38,1026,822,3476
23,239,102,125
19,613,211,681
51,226,345,380
20,1132,1319,1794
27,637,195,320
18,312,225,434
24,1563,237,477
55,693,779,778
18,575,507,551
43,76,3696,785
15,404,502,588
23,329,366,483
16,2580,887,405
19,1047,992,1248
50,77,362,109
60,224,115,364
23,155,167,148
51,87,1033,593
48,171,1032,633
17,354,162,160
62,161,119,205
66,610,1077,1205
17,921,4415,2953
62,570,151,228
15,2907,667,528
59,257,2329,2378
33,179,510,119
43,58,584,247
32,228,1223,370
19,741,520,371
39,117,302,131
22,372,464,877
25,68,113,135
16,474,639,780
19,410,2008,405
26,231,435,395
62,71,668,232
30,1394,2081,1288
25,68,731,653
38,140,627,521
28,277,404,239
33,227,739,651
53,195,2086,1098
54,157,522,210
18,1596,735,1379
38,108,1811,1036
22,579,282,183
51,63,171,540
20,249,174,251
15,2635,318,955
28,107,160,189
37,398,601,362
16,1048,1105,742
36,72,225,128
20,217,1108,276
15,306,747,455
61,608,501,1444
17,132,478,177
25,389,1638,835
20,2885,665,1480
58,117,445,127
23,742,3955,1726
20,196,117,115
43,2032,344,529
22,371,1403,523
24,149,119,154
59,160,406,340
16,211,255,125
26,75,138,145
29,212,186,312
24,957,538,372
22,495,486,659
61,139,632,231
51,121,378,249
57,720,1739,263
50,62,300,248
19,887,969,449
49,94,842,478
49,78,311,439
20,319,863,287
40,184,683,367
33,72,828,143
20,458,226,156
33,58,117,107
24,256,282,264
23,265,422,474
51,485,1622,722
28,512,216,236
15,418,301,203
50,161,253,276
39,450,1616,2314
23,185,219,180
47,210,225,200
19,1594,587,542
53,229,1355,653
23,895,319,947
15,188,2592,2656
17,2581,1549,4415
14,2007,648,2192
24,285,460,237
34,322,3128,828
62,59,584,333
23,237,336,263
19,1141,2002,1502
24,303,317,395
17,258,156,172
36,117,1622,366
18,549,715,1620
16,562,327,509
29,226,789,436
20,1454,1061,870
22,212,419,175
50,82,621,130
16,408,1737,1480
16,519,224,268
19,404,367,402
28,257,308,372
36,199,229,325
56,127,202,279
17,1640,361,576
15,4452,2596,3212
66,139,355,185
21,3716,221,1726
18,193,640,456
30,105,618,272
16,638,704,404
63,273,224,256
39,299,2238,773
37,78,156,105
17,324,275,166
61,272,419,167
25,244,286,484
47,81,1105,399
20,62,120,149
20,495,1236,310
16,1053,955,582
57,542,128,633
60,65,506,297
22,592,318,733
16,240,367,123
30,276,242,288
32,93,354,226
20,457,992,1359
61,101,510,393
60,586,980,1164
19,1181,185,486
57,334,2184,2360
24,350,465,815
23,1172,410,488
54,255,2323,740
26,971,1137,1599
46,56,372,440
21,286,188,313
43,102,283,190
51,741,298,1252
39,274,677,182
24,190,2472,2606
16,829,136,443
18,835,522,431
21,361,129,216
25,301,229,933
62,229,388,410
54,280,131,736
16,2669,111,1515
18,213,113,279
19,199,290,195
21,238,349,240
18,470,357,110
24,361,1086,182
20,1089,164,304
14,543,305,263
57,235,178,319
54,397,326,236
22,1056,466,462
18,264,328,668
16,311,323,578
51,178,155,138
20,957,143,1245
52,396,310,544
20,231,177,264
43,141,1474,394
37,204,165,281
61,333,503,279
48,194,159,302
28,302,341,2665
28,233,219,365
17,517,360,239
49,357,792,401
15,1314,887,982
42,55,880,521
25,306,389,238
33,177,319,191
15,1185,2004,2436
47,709,656,191
19,140,353,233
46,154,195,163
23,203,166,279
32,207,1050,507
18,299,736,631
15,1822,551,222
19,427,3288,3389
31,206,111,405
59,186,1048,457
34,190,276,170
19,2564,248,314
45,81,212,825
55,206,399,612
53,294,305,438
14,671,383,724
24,174,195,140
18,896,1146,1029
65,52,598,292
54,247,176,124
54,64,252,137
17,598,1918,1061
20,591,458,1001
15,455,934,1216
56,175,532,143
29,346,658,961
46,59,221,260
27,379,716,535
34,175,1853,1732
26,163,883,268
53,138,326,635
20,166,140,121
20,441,282,135
24,291,457,1022
20,755,2826,2478
23,396,1823,684
14,1279,341,253
39,221,125,157
47,263,266,251
14,421,329,271
21,4767,151,599
21,466,179,630
19,341,1187,1372
18,647,683,129
20,437,423,426
25,179,171,216
16,383,1513,316
23,182,304,226
23,557,459,749
46,152,491,561
18,222,505,491
25,276,402,626
14,237,899,104
14,4641,1403,2786
36,199,140,127
16,411,1047,211
23,101,125,153
14,79,2452,4251
31,148,674,390
34,126,1622,449
20,180,552,230
47,236,664,630
21,154,389,176
19,397,170,206
66,542,189,207
18,154,440,270
18,339,216,258
31,186,240,220
24,671,294,328
30,97,562,362
19,659,954,418
22,335,222,277
54,138,220,200
38,71,838,343
27,134,4411,1701
65,194,483,155
18,148,694,381
22,134,133,211
50,250,1237,432
54,135,634,253
21,299,126,110
14,628,2662,859
22,439,1060,1670
37,96,479,336
56,100,753,243
15,1197,158,137
17,1684,326,276
66,67,732,115
30,453,149,414
18,242,191,195
37,168,344,520
21,232,649,159
20,188,478,265
19,517,792,186
23,156,435,388
30,284,371,336
55,305,234,351
55,142,1914,289
19,1138,443,1019
33,451,215,540
58,86,356,381
23,300,166,131
19,67,470,547
17,1625,172,456
65,85,302,130
37,177,305,277
20,538,524,350
63,60,1736,386
21,174,588,175
19,495,2679,1069
25,245,352,495
17,1956,1181,3671
23,229,376,389
48,292,852,303
18,367,114,125
55,563,2844,1777
23,123,306,166
53,244,150,285
64,70,512,256
20,564,913,370
20,258,1261,606
20,849,552,186
18,2065,1817,2218
19,306,1088,1115
31,162,378,308
49,371,1200,436
13,552,390,815
25,160,166,244
50,371,429,238
14,654,962,1025
14,502,678,482
52,669,1641,588
26,535,245,122
22,1312,664,1295
36,1054,363,191
25,941,533,431
47,91,2270,340
57,254,134,283
42,283,956,317
16,796,296,496
17,936,2887,937
55,527,118,308
45,1834,1175,919
65,74,2055,1054
24,851,908,1059
22,921,705,1067
19,389,344,456
56,106,1348,982
15,430,119,386
19,585,253,259
20,854,130,372
18,135,387,145
19,1836,147,125
43,98,1402,220
30,204,670,820
18,870,1257,2380
18,456,330,623
17,2770,2041,4932
14,102,344,126
45,142,1529,955
33,57,300,411
19,1394,276,226
22,398,181,596
15,813,129,565
42,395,2959,4182
45,210,329,176
17,1932,470,4199
36,65,256,258
55,121,422,616
51,482,376,473
19,512,588,461
18,668,132,442
56,537,791,945
41,91,205,402
19,982,649,341
19,255,521,188
41,92,170,124
48,211,369,1246
50,933,657,943
26,94,102,152
18,406,137,185
14,697,445,777
53,216,1296,626
62,99,453,135
15,518,1372,731
26,88,137,147
51,3279,1383,1926
18,197,118,203
31,124,262,690
16,2243,332,2931
30,255,433,331
26,154,146,111
25,580,661,687
17,991,444,717
41,307,456,270
36,217,2147,2171
19,765,424,290
17,472,589,248
54,191,159,369
51,289,422,134
22,609,1136,852
44,210,1084,452
18,265,2357,1125
29,105,494,212
19,823,113,122
21,342,1123,1860
22,187,1335,436
19,242,559,210
32,350,549,1337
49,70,984,274
40,78,286,110
13,308,366,239
58,180,113,153
26,1525,536,477
20,109,550,140
20,892,175,561
17,208,837,1123
22,376,545,320
15,1854,4981,3050
18,210,385,296
61,179,332,539
21,64,498,323
34,911,3722,1091
19,325,259,107
63,182,252,263
19,773,3114,439
46,859,2094,2602
26,1012,698,586
16,563,137,187
23,338,151,205
49,232,110,237
31,361,155,224
18,713,388,551
18,584,635,676
27,348,296,369
20,77,132,155
23,739,383,444
20,187,903,355
15,1040,167,195
65,2860,2046,1702
29,163,1143,1085
13,651,937,1131
36,160,371,184
19,733,711,562
23,356,102,148
34,354,249,190
28,73,216,187
39,308,458,248
48,72,1532,3490
53,205,1260,765
36,290,2092,157
56,148,201,140
57,241,245,362
17,671,476,504
30,366,172,151
19,226,2170,811
36,253,253,247
52,88,209,144
14,651,1652,361
15,369,324,105
57,234,226,407
24,899,190,221
37,73,435,320
15,1323,140,767
18,1269,712,3072
54,258,311,503
15,644,1033,611
18,76,818,658
51,84,161,105
15,1041,620,1114
36,135,298,434
33,93,271,290
18,293,126,179
51,157,725,104
25,206,363,190
15,2026,917,1815
19,2826,196,1280
19,321,3166,1615
50,78,675,511
19,748,178,456
60,83,293,196
22,1289,856,478
58,95,196,113
20,214,233,164
47,969,316,129
46,148,322,309
23,159,386,103
33,245,817,487
66,161,679,1008
14,850,1201,944
20,189,356,158
26,163,443,274
20,84,128,156
25,315,283,172
51,335,792,240
52,59,485,115
53,295,882,878
53,70,1437,187
19,3036,644,1394
37,851,337,921
19,789,352,143
28,62,102,154
19,1038,380,671
19,535,191,277
18,506,2231,1164
40,114,627,287
21,356,139,136
16,621,571,367
18,92,549,218
24,174,487,581
59,199,576,117
21,208,220,194
23,1193,1660,1679
19,2114,368,409
15,557,546,323
16,1173,220,153
55,106,259,117
18,263,165,157
29,149,213,360
24,279,308,427
17,4417,910,1851
33,279,118,156
28,598,2179,235
16,851,1504,1183
16,118,413,103
46,158,437,172
28,137,823,358
52,107,131,121
26,903,302,287
52,147,588,260
18,323,1328,253
17,2164,418,1688
20,172,201,154
20,452,167,166
54,188,944,635
19,1123,1854,3320
21,206,572,342
25,532,562,535
22,537,725,1012
16,328,597,449
16,359,813,1022
18,1310,450,140
59,100,250,532
52,59,340,381
16,526,269,186
22,404,567,761
23,2034,268,143
18,462,144,185
19,101,532,579
24,235,227,176
33,73,267,168
23,495,319,166
13,412,1308,116
19,303,187,303
17,1115,826,1093
49,299,1753,450
19,288,1381,314
16,3412,530,1649
20,988,213,327
23,363,286,103
14,154,300,326
15,103,371,401
19,172,2312,311
20,244,799,398
53,390,992,331
29,152,193,381
17,332,173,112
17,1182,287,714
52,94,297,244
18,652,3518,1631
13,551,265,492
15,488,117,105
16,245,1014,1431
17,1025,161,1046
14,246,449,264
28,351,1166,903
17,907,244,104
63,914,397,607
18,361,1230,764
17,149,127,107
60,435,1059,1244
48,72,357,216
54,278,246,491
24,358,212,168
43,107,1964,2192
62,280,2733,253
19,276,451,251
58,227,579,462
19,665,745,351
47,200,150,167
39,167,667,591
18,1265,791,4359
44,104,217,148
34,362,184,858
15,514,264,478
64,98,552,291
38,138,479,417
23,853,260,167
32,279,248,643
57,196,408,327
49,114,343,118
18,853,298,1635
39,1394,639,166
26,272,426,205
21,865,245,183
20,83,101,133
47,130,614,720
62,1595,640,3224
26,113,900,321
15,683,180,133
21,375,456,443
60,123,108,114
56,139,1052,686
22,73,219,270
28,222,894,663
19,199,613,400
18,378,626,623
30,457,423,533
34,220,589,2595
56,205,196,182
51,345,351,264
15,1110,243,1338
19,2053,891,2745
28,102,543,124
56,63,124,151
60,345,249,701
17,181,1247,818
19,265,600,572
56,100,1206,346
25,144,153,225
27,285,667,125
46,231,486,570
51,354,2780,1497
16,989,1037,1993
21,576,228,295
58,846,384,813
19,363,203,364
54,94,1158,392
59,519,3068,3002
45,89,711,734
25,332,2202,1102
23,58,158,119
49,171,177,254
45,3826,1483,4618
19,424,413,289
16,615,402,980
51,64,717,300
16,1179,1727,1841
19,496,184,139
15,219,214,146
23,511,460,294
66,607,336,202
18,2493,511,1804
23,141,409,190
54,82,3477,229
18,243,107,173
43,100,1109,477
16,71,1104,1062
19,239,123,129
66,138,686,230
18,922,2035,2950
24,1444,373,354
14,1582,337,1544
24,219,138,192
17,375,794,934
62,310,572,924
15,725,4596,1310
20,254,1055,321
19,471,584,254
34,84,854,197
58,228,1480,994
16,100,523,312
46,181,189,596
52,103,334,221
17,188,261,256
34,154,537,330
17,623,396,538
63,68,105,143
59,273,109,114
21,391,3102,1126
28,105,268,201
18,918,500,175
55,938,990,1967
50,77,173,121
18,312,281,268
30,779,801,1467
16,474,413,323
25,95,494,190
14,64,2131,326
33,447,2413,1287
53,104,1704,880
17,497,153,233
24,248,302,415
29,595,916,793
34,189,539,312
52,565,967,3014
17,1386,380,168
52,1332,141,207
15,1473,1414,2829
63,129,201,430
19,217,139,232
60,80,331,180
29,155,290,336
17,593,238,245
41,929,723,2378
19,1357,727,932
32,383,141,193
61,178,379,121
52,59,302,158
65,78,934,268
24,288,460,373
18,1676,297,407
51,159,337,115
14,274,937,1072
22,478,1263,798
54,78,508,1371
15,938,827,1225
23,645,1669,2772
28,109,143,211
40,169,371,233
24,155,1289,1810
27,202,367,439
34,659,1524,793
37,180,188,392
26,239,1814,3863
18,354,633,660
28,357,598,423
25,113,261,267
30,100,491,567
27,276,288,454
23,485,302,114
21,595,588,1053
66,108,2086,1254
21,122,107,117
28,117,510,320
42,1106,606,1329
43,82,548,141
16,327,950,506
57,67,196,102
14,419,482,259
29,193,170,102
29,350,2838,1349
15,692,352,462
56,121,373,374
15,1728,307,1314
50,159,678,421
16,692,378,145
16,153,441,186
18,1748,2122,337
27,366,4948,3653
29,62,532,495
18,568,2471,1891
21,2861,563,973
17,834,1643,112
34,130,230,321
20,150,290,204
20,1264,191,1554
28,343,526,120
14,352,772,1333
25,433,306,1073
66,122,194,115
17,306,488,147
20,1488,2287,2014
63,69,578,133
15,1102,3514,2344
49,67,118,153
23,699,236,392
42,231,108,186
23,629,784,1087
48,67,261,107
25,478,901,1009
20,329,685,399
50,324,431,132
17,614,741,417
19,832,168,349
18,326,371,510
17,499,1004,926
23,573,3931,2620
17,254,233,356
35,82,414,291
20,110,538,398
21,143,898,441
37,406,337,329
53,249,289,123
19,423,498,934
66,116,357,565
22,911,347,491
19,2954,4217,3696
55,310,147,115
21,525,117,144
30,138,161,159
16,281,361,385
35,135,1157,1222
19,140,647,525
29,1226,1431,969
19,251,117,105
16,258,1370,1493
18,2382,276,802
21,275,291,891
30,83,147,162
49,247,148,120
30,431,530,608
25,1001,862,166
32,105,149,327
23,4705,687,2291
66,121,114,137
38,80,281,104
37,53,265,234
15,260,481,253
46,275,521,363
14,639,119,127
18,802,746,2618
56,80,116,241
30,329,116,197
33,110,207,117
60,192,503,524
19,237,177,281
17,2312,1005,497
25,314,517,507
53,73,1808,1566
15,608,2593,2240
21,446,114,195
24,171,386,364
23,759,216,103
18,182,394,255
54,91,286,125
40,112,147,115
51,233,690,251
34,634,785,994
17,562,1128,176
45,63,200,245
59,133,296,141
18,537,185,120
17,202,138,330
40,78,171,162
45,214,225,342
31,184,749,521
25,142,252,150
17,502,133,260
25,499,112,252
65,299,634,677
35,107,121,325
30,161,142,230
41,309,260,168
23,270,503,263
15,248,303,742
18,2624,580,528
15,487,556,416
18,493,2039,729
54,88,347,213
19,294,214,156
18,391,227,240
19,1623,3301,4734
22,362,1089,678
17,205,915,695
14,550,126,284
41,235,1071,403
18,252,380,210
64,176,159,221
22,592,105,259
38,188,351,241
15,317,1360,697
43,120,329,312
57,163,350,330
20,761,299,217
28,787,1635,760
50,231,1207,738
23,296,148,567
56,160,523,244
63,85,116,122
21,68,221,131
32,402,333,536
49,137,575,111
19,3951,862,3032
16,346,309,142
20,838,1021,501
19,886,287,434
25,194,503,262
27,404,510,463
21,1584,194,541
16,1234,312,452
50,312,3527,1592
17,432,152,215
15,306,842,130
36,308,146,193
17,639,216,480
20,201,207,129
49,146,150,116
27,629,178,685
21,124,209,152
19,347,808,144
14,209,763,1324
27,161,940,2578
41,244,990,872
58,990,176,150
29,422,288,403
17,130,645,332
14,279,995,556
47,276,407,174
25,198,131,120
35,97,102,161
20,185,216,147
25,135,140,209
43,58,189,138
45,110,115,195
65,196,655,511
48,391,750,819
26,94,132,158
32,227,371,178
22,651,490,311
32,169,917,922
30,276,315,234
53,129,730,248
31,111,1156,509
36,161,607,1349
18,489,567,227
15,554,978,1478
16,1517,2203,803
23,620,1269,324
28,128,1262,407
19,218,820,614
51,280,1173,190
49,223,212,151
15,1331,471,674
21,461,529,575
66,741,312,562
35,55,613,108
24,425,2911,1534
36,211,187,107
35,80,1393,3380
62,216,893,205
18,416,1410,902
28,212,359,757
51,59,690,265
42,330,216,124
32,147,110,310
52,76,250,269
18,504,176,174
37,57,132,124
24,231,714,300
48,158,2314,1105
25,172,103,224
54,180,474,106
51,74,124,113
20,309,543,391
63,110,382,381
22,501,104,134
42,967,2644,928
32,214,381,182
15,546,249,901
63,69,261,160
52,256,758,321
26,267,139,186
22,134,1709,3330
18,966,523,232
37,435,157,176
27,142,163,145
16,77,1091,901
19,191,173,144
19,101,249,142
22,113,399,237
18,1579,137,1468
52,243,517,898
18,2255,1050,2136
51,422,1722,574
20,853,4372,2868
27,114,795,561
15,104,333,148
50,324,563,136
23,857,1562,1033
62,591,558,751
42,539,2850,2630
14,237,812,186
18,417,340,303
24,407,794,290
28,246,1755,564
18,966,505,555
20,1191,231,358
21,259,2004,1296
18,245,266,134
65,97,767,242
17,2154,230,199
19,819,188,121
44,85,172,121
33,77,233,123
46,812,191,428
35,97,326,127
30,115,103,125
26,1137,862,390
65,53,159,224
63,448,506,295
49,509,256,694
18,299,296,271
19,242,1848,1891
43,674,1842,856
25,314,258,165
24,208,656,170
33,131,175,247
58,311,147,151
37,242,473,270
24,97,985,460
17,531,601,574
47,228,1236,568
38,244,2906,4993
15,630,903,662
29,150,311,328
37,1282,1007,845
57,2521,467,209
57,377,413,204
45,147,900,493
63,63,429,170
55,133,500,165
16,337,1009,988
17,4701,184,4803
33,84,389,183
40,201,216,283
17,102,1579,350
15,2989,842,1254
53,76,545,136
15,516,1515,217
44,944,1260,423
52,74,186,188
29,61,371,329
15,483,1378,571
27,456,1305,685
19,1148,340,1236
18,332,1134,509
55,92,973,282
49,79,413,373
18,576,1929,294
55,315,111,419
21,173,240,119
21,276,117,272
23,438,239,369
16,404,209,148
24,890,126,266
20,204,2262,1255
23,239,617,1288
37,123,1364,599
54,87,161,662
39,246,300,527
63,172,2394,700
19,744,1628,353
18,1190,243,204
39,258,2780,3075
15,942,763,397
25,86,184,145
29,464,167,143
16,511,2441,1321
32,392,231,264
19,70,221,150
19,460,662,240
32,1039,708,400
20,920,1088,1891
50,741,1434,1566
18,1132,668,1380
27,77,603,451
38,137,311,475
52,120,160,168
21,752,1679,1252
33,98,107,320
38,227,244,266
16,2502,1870,883
23,213,271,184
45,276,1498,376
24,68,1815,904
28,404,533,343
20,478,1651,1089
22,75,625,160
19,159,523,444
24,267,910,551
23,408,130,148
17,697,347,479
37,94,325,858
62,72,210,179
51,74,315,201
37,311,139,700
19,77,132,143
23,505,267,143
21,375,311,1323
41,930,2796,2069
46,278,248,170
18,306,334,129
21,1174,323,1165
18,1948,159,776
21,280,159,309
17,1659,349,760
29,576,279,299
22,237,191,150
45,727,1144,1083
22,144,1451,1667
41,164,103,161
35,673,166,527
29,609,121,240
16,274,103,558
20,344,702,448
29,117,1177,665
17,597,2797,1007
25,607,1097,334
19,1204,533,313
33,178,255,294
23,302,315,282
47,173,359,316
33,79,312,106
18,1733,849,1170
19,362,322,168
29,631,1099,2271
63,128,265,118
14,357,1604,389
42,78,630,563
50,72,2432,201
18,94,1822,468
58,152,418,744
32,112,1114,283
28,105,112,199
22,183,863,122
19,373,735,595
44,133,451,187
20,52,278,414
59,74,467,221
52,343,2249,336
13,249,145,382
21,446,1552,2325
24,378,1375,1451
17,3735,852,929
62,114,299,102
49,161,104,154
19,257,115,492
23,424,2642,1362
30,102,1115,258
16,254,887,271
18,750,303,267
19,461,116,249
49,106,131,220
13,284,518,1208
20,631,300,321
16,185,226,291
25,169,388,150
28,705,454,427
24,209,289,279
54,217,897,300
16,394,1103,730
35,280,1159,446
19,243,689,422
62,193,638,474
28,95,2137,271
32,140,259,437
52,781,1204,1416
44,136,738,336
51,1007,695,380
14,240,211,248
28,1150,177,277
25,436,234,185
18,2958,806,764
50,532,535,654
21,576,123,213
22,398,179,188
20,146,831,427
54,114,478,362
21,224,129,118
47,75,519,156
28,70,776,1072
31,171,376,280
65,96,224,120
18,350,500,521
51,120,108,107
28,958,568,423
16,854,192,339
31,148,306,205
44,87,138,296
59,53,628,690
16,333,446,442
35,113,757,213
26,217,165,143
17,844,496,297
39,589,221,533
20,337,637,560
63,129,442,198
40,70,180,215
47,132,703,811
14,531,547,540
24,95,252,151
26,73,544,876
15,318,350,144
49,96,216,159
19,944,637,488
50,231,1603,1361
55,221,443,232
18,1779,197,226
23,352,584,610
35,92,811,113
61,109,1665,105
26,103,158,221
19,648,278,268
15,283,919,144
23,230,123,466
50,411,424,478
18,191,833,708
54,2417,3227,3110
63,281,249,315
22,327,1306,444
51,109,3253,1527
22,719,219,816
65,69,735,145
25,180,545,418
54,421,354,395
34,128,204,212
25,315,335,286
16,850,445,406
58,192,243,267
43,333,1994,1099
34,84,174,155
26,390,204,347
55,112,163,120
19,212,280,269
25,174,254,179
20,2803,4645,3668
19,431,259,475
45,261,1288,687
17,809,459,635
50,303,1521,1206
19,318,479,792
35,237,348,232
17,183,1865,199
36,824,945,496
18,1155,3786,3045
20,874,947,917
22,174,289,597
35,98,157,124
23,266,354,176
30,408,2355,519
52,1259,407,361
19,3874,243,1046
23,88,171,243
19,733,4219,4532
40,116,367,202
15,328,584,726
18,426,4708,3125
20,1872,466,1072
18,641,217,103
19,994,560,1914
40,99,418,173
46,181,547,325
23,220,184,273
51,173,2231,2233
16,910,290,623
18,584,476,1106
18,751,1471,1184
26,334,359,649
45,169,430,578
17,339,198,241
56,305,1387,1236
20,386,268,534
24,187,1525,1127
15,681,1719,1145
19,86,329,265
15,453,877,185
35,218,409,119
28,224,787,636
43,240,164,220
21,99,355,1155
28,606,957,867
20,467,190,249
15,756,1944,702
15,267,157,194
19,163,1097,591
26,234,113,248
13,1067,359,211
19,597,337,476
24,205,700,563
17,1254,1053,2248
19,87,1101,714
21,863,813,1152
20,260,176,296
24,122,136,182
30,111,320,196
20,627,841,834
15,475,217,329
35,116,386,170
17,1010,630,155
47,69,209,389
52,459,2096,866
31,645,481,853
31,261,1393,418
48,699,1866,1425
33,288,520,251
62,213,796,110
66,83,1995,222
21,975,3357,3744
21,389,563,3679
60,146,1315,206
31,207,1146,766
31,1906,1566,788
59,146,284,173
22,1326,1133,1968
23,1465,396,292
26,605,699,170
18,968,4521,3011
32,241,105,373
25,97,183,233
19,922,975,1247
37,123,608,202
43,97,1987,2000
18,701,492,534
28,335,836,868
51,314,308,198
21,233,219,330
55,2062,166,197
15,460,190,204
63,141,823,241
18,980,296,461
49,1761,858,2759
23,271,531,299
25,490,188,199
15,565,418,146
20,569,804,526
14,358,598,316
33,352,466,838
34,127,747,612
15,501,271,177
18,631,755,2405
26,70,569,109
20,142,581,709
22,259,133,177
17,1385,215,106
38,70,732,207
33,77,139,182
13,826,1024,683
19,66,784,527
15,1450,614,2925
21,2251,279,375
14,244,523,113
18,595,185,192
27,901,851,2310
19,1923,297,1775
23,63,509,111
59,474,1260,1461
44,487,3442,1872
29,437,373,358
21,201,586,412
25,190,160,106
19,341,249,310
62,99,1254,515
14,388,2199,1318
55,240,220,248
54,76,974,142
57,103,111,139
23,381,962,397
17,1053,1484,1338
54,171,2055,141
18,384,318,198
48,57,403,160
25,101,194,258
24,1532,757,688
42,85,176,217
18,590,1018,450
33,60,177,502
49,2360,1426,3433
19,82,1230,1044
24,190,180,127
13,140,748,561
54,306,593,633
51,192,382,306
18,2123,1767,2623
20,330,270,329
24,186,220,274
44,179,141,132
16,469,176,191
27,788,182,554
20,242,510,391
48,1800,1165,1430
19,640,335,869
19,735,514,1409
14,536,285,324
57,202,2232,739
28,290,343,423
19,1413,1117,2104
54,197,1620,256
53,136,2104,391
36,388,797,1475
15,4173,336,1845
18,476,138,237
41,567,423,803
18,239,249,276
17,424,279,236
52,182,726,157
16,392,270,361
41,117,753,587
60,702,298,242
48,282,610,139
17,441,427,108
49,633,177,246
57,250,1844,619
21,3450,327,243
43,107,234,252
31,274,176,125
18,425,1108,652
53,95,835,233
22,796,2270,1083
33,101,823,674
19,1195,281,475
20,220,1191,1971
14,194,245,285
23,740,1551,548
15,428,103,116
32,118,337,354
23,167,101,401
56,367,538,478
20,1633,293,465
17,263,362,912
41,306,185,140
27,368,317,743
18,254,300,323
21,500,779,986
16,1037,193,208
60,181,808,600
37,275,2435,440
16,317,328,487
63,81,513,340
30,632,145,604
49,115,619,960
29,977,280,512
59,165,112,383
50,183,379,339
21,487,167,187
16,436,175,109
16,1536,304,877
62,445,150,175
25,466,217,172
36,445,1028,589
22,459,394,491
17,752,375,372
24,428,575,200
23,429,1843,115
66,138,386,391
59,143,527,411
17,583,712,2560
13,92,173,248
51,135,2751,409
57,513,156,209
38,83,147,114
16,1724,2542,4763
52,111,812,669
16,425,585,172
47,122,1886,189
46,205,591,293
29,82,919,151
21,129,308,508
22,4297,1968,2006
27,633,500,346
26,208,156,103
16,240,258,139
56,292,636,420
23,281,131,124
18,261,382,302
45,167,784,389
29,195,764,510
45,101,464,281
24,174,182,112
20,71,566,673
25,215,396,856
23,159,1809,815
28,371,156,180
38,122,369,259
59,71,327,121
21,322,3945,3910
22,309,1612,1097
15,347,2664,1562
59,114,294,178
16,2072,626,565
52,91,358,157
63,260,130,132
19,285,110,243
36,114,116,117
32,126,365,1321
22,210,251,192
57,289,1770,655
39,110,967,1296
46,672,235,288
18,1719,450,2170
15,217,238,322
36,119,383,433
28,669,482,1195
33,597,793,637
19,103,545,351
45,272,2010,1819
19,166,543,332
18,258,2276,2123
58,301,634,363
53,129,1838,206
63,79,1693,163
58,126,113,141
31,352,481,501
34,190,1844,916
21,143,645,405
22,201,539,562
40,90,133,115
16,305,334,210
46,107,222,341
20,1209,263,297
37,460,188,163
15,585,103,164
48,300,584,1026
51,370,638,703
24,133,467,257
18,918,555,659
17,327,313,503
37,121,318,266
65,125,495,280
16,324,151,203
21,212,267,399
25,352,402,689
23,75,715,605
15,107,236,233
23,874,580,1406
19,104,488,219
19,1418,948,625
44,74,185,229
45,223,351,217
50,240,1866,2395
20,350,749,718
16,725,106,106
13,294,239,309
39,54,313,192
51,59,1332,715
19,4252,142,706
47,127,137,230
23,347,196,175
14,550,1237,317
20,438,201,190
16,561,515,185
15,1072,429,466
50,58,507,220
53,403,383,310
20,277,328,444
51,1466,2863,1338
24,189,191,336
18,535,436,295
20,362,490,1622
24,495,465,528
31,111,522,256
26,90,244,104
43,155,153,130
16,495,1081,453
20,383,2044,1268
23,399,741,242
14,432,872,480
18,1395,155,203
19,61,961,131
35,144,289,233
58,282,557,698
32,138,314,117
21,474,4733,2419
64,152,279,139
32,209,1692,1207
24,1861,1268,201
18,184,559,647
48,73,282,227
65,145,3407,1289
26,483,311,183
16,106,175,138
19,3070,348,2011
59,143,800,119
24,530,491,492
16,808,694,744
21,240,367,158
14,445,2517,2607
18,759,137,976
18,479,638,865
39,722,395,274
22,201,282,249
14,593,373,313
20,404,514,151
16,135,1586,951
46,68,462,598
29,200,750,969
18,516,163,150
31,113,458,367
20,211,595,371
16,350,975,1253
19,310,364,230
36,436,268,1442
24,120,183,159
19,112,179,277
26,80,693,1021
17,2842,3701,1908
26,1449,1732,1887
46,87,175,155
50,110,241,267
21,90,181,243
20,280,236,378
36,158,601,540
45,234,1040,644
40,297,1713,3167
14,872,1718,3870
14,403,619,266
30,279,539,275
27,54,188,223
22,639,1674,2192
44,826,1511,2634
18,1738,2013,535
49,264,758,261
36,89,332,205
32,692,1630,1003
21,288,269,143
28,326,463,1096
61,76,776,421
19,319,258,359
19,81,504,309
65,247,536,428
53,319,1006,1392
27,391,306,324
17,1225,2589,1339
20,119,554,214
24,624,143,364
26,315,383,294
19,279,200,111
48,145,731,499
42,87,806,316
22,232,1410,1369
13,539,546,186
64,231,501,272
23,979,321,378
57,325,304,152
18,315,186,115
62,198,955,1446
39,399,857,252
22,325,121,120
18,690,1394,1019
15,778,178,641
24,2361,757,3418
14,444,127,543
59,145,799,101
36,66,115,129
20,578,921,878
18,1038,152,439
62,128,537,184
66,554,921,635
16,585,367,185
19,1382,2169,4623
33,213,631,105
17,194,356,500
19,1116,1054,4509
41,1351,518,204
39,110,136,157
15,225,126,110
14,249,416,309
20,114,141,108
53,144,438,241
21,161,721,711
25,567,752,817
56,1057,1289,525
63,492,165,242
34,2634,4202,2458
19,2258,450,1437
17,199,102,399
18,234,106,287
19,276,200,295
36,261,1027,522
25,405,3138,1962
29,89,119,257
19,458,479,633
35,67,113,341
17,1204,353,197
59,130,356,325
40,123,115,157
21,3095,168,495
44,100,860,252
27,83,728,1250
64,122,486,686
30,218,4262,908
19,843,1920,2329
18,1093,186,229
58,373,1129,684
45,182,228,261
16,336,371,421
56,106,164,123
17,105,160,410
26,510,155,125
56,89,582,163
22,435,191,160
22,150,2066,358
49,124,204,122
19,338,785,729
32,452,346,894
27,168,1036,205
62,158,701,179
21,97,219,410
14,1491,3368,1996
16,657,1561,710
17,472,248,237
38,252,482,695
22,354,399,152
64,104,1325,263
55,122,194,132
21,418,1753,1013
25,64,3761,135
21,450,482,361
44,374,221,138
36,1144,1322,359
19,1250,249,3866
21,59,332,1454
51,100,264,286
25,279,1823,678
18,763,1936,2643
54,915,391,901
20,1855,1689,1416
26,215,128,114
20,266,725,2143
17,1119,822,456
22,241,127,265
22,58,227,113
21,241,250,191
53,212,3122,741
50,325,1772,1196
14,825,528,669
18,486,1474,2148
15,670,871,218
20,577,432,541
29,84,192,133
18,124,222,786
28,76,121,187
43,208,240,319
41,164,469,1392
17,139,129,128
20,298,223,348
46,443,814,145
19,876,769,362
19,388,2761,4131
46,151,399,229
54,123,112,172
21,1253,4110,4714
19,199,1222,509
24,436,468,1246
15,189,361,150
21,145,469,225
61,89,273,248
23,243,839,952
45,136,132,142
44,1232,1320,1518
14,120,281,113
51,136,895,158
14,195,448,150
18,439,419,214
13,266,378,192
21,821,643,1585
18,93,342,302
18,2245,765,1069
15,1524,958,4387
23,685,1728,2170
23,242,113,411
53,67,1270,209
17,933,685,560
17,403,274,727
27,92,330,261
15,1641,867,1028
30,118,401,214
14,194,1463,140
43,195,418,360
19,272,625,300
40,72,539,256
62,97,103,139
24,103,2082,124
48,148,125,240
18,1941,955,4753
16,756,191,451
52,53,120,207
28,485,113,307
13,493,186,151
27,123,917,132
26,657,891,1529
23,75,330,188
24,597,1204,1128
16,231,539,295
22,490,4450,1236
29,93,252,156
15,866,236,362
42,109,125,173
50,121,384,138
16,266,253,137
19,557,2023,746
31,133,236,466
18,1412,287,1005
19,396,698,333
18,1222,830,454
19,730,145,306
42,135,148,132
16,570,398,244
18,883,177,252
50,154,334,111
15,453,236,297
64,429,442,225
54,427,103,136
22,106,551,337
20,216,166,147
51,352,319,531
40,645,2342,3530
31,57,927,1455
19,640,406,229
18,102,1366,1541
25,385,246,139
20,385,2757,1328
29,306,578,262
57,70,150,131
18,305,107,339
21,3257,240,2277
26,151,467,394
52,81,317,111
21,451,296,173
37,80,1481,258
65,617,716,747
19,190,370,1021
33,331,170,537
23,289,824,546
17,229,149,331
17,94,2919,1671
49,91,261,192
30,221,301,272
61,244,360,904
48,119,123,226
22,2014,118,3129
22,154,745,720
15,249,257,156
45,228,519,154
24,285,2073,1394
18,298,921,284
16,1439,1747,1810
54,97,171,102
16,288,997,205
35,244,343,110
18,290,1208,1003
50,58,629,424
46,79,122,166
59,250,1132,598
18,1479,670,873
53,213,788,211
31,200,916,1004
19,69,346,322
26,75,211,375
25,263,624,2396
63,174,265,215
45,214,893,212
18,96,1725,1222
65,131,504,262
28,257,307,268
18,63,232,560
24,272,309,353
20,332,535,864
47,129,139,164
17,152,130,132
15,166,522,215
33,304,113,397
17,53,102,238
55,80,570,275
24,745,930,845
53,471,2779,3298
18,3740,1696,2470
60,358,240,276
49,204,438,405
15,1147,3314,3183
18,1092,1208,1459
17,156,277,109
20,721,1422,2080
24,652,758,736
20,385,557,351
53,1837,282,195
26,568,124,129
28,119,843,1098
18,998,1258,1274
21,99,197,129
21,155,286,177
21,3279,1402,2226
14,893,252,605
45,81,169,338
36,98,267,189
18,2078,515,2924
14,173,305,360
27,121,349,224
30,98,267,565
15,79,122,207
26,490,225,305
63,181,202,153
48,123,195,174
28,353,244,513
22,68,681,1025
16,318,386,342
42,96,116,135
18,162,1499,696
26,77,501,361
26,221,274,171
23,133,559,387
20,563,848,2798
20,335,133,391
27,146,268,369
26,360,136,225
24,338,206,148
21,101,167,148
28,4562,438,4691
19,695,1125,1311
48,380,1103,1634
56,861,263,810
47,385,4539,1811
18,815,1340,1031
41,65,1012,196
59,101,208,173
60,203,433,325
63,1833,113,832
21,2766,216,225
19,1747,851,1132
35,118,547,308
18,744,2576,947
27,192,112,148
20,262,193,310
40,169,1866,854
66,67,279,198
50,161,334,501
21,220,189,154
20,205,225,137
22,625,1028,270
51,94,210,121
14,293,3423,2222
15,370,361,170
26,228,346,629
55,70,1345,125
23,514,222,125
52,169,150,415
30,389,657,175
31,553,411,926
21,434,141,372
29,467,173,117
21,383,379,189
24,233,461,474
32,185,123,246
16,682,238,561
20,77,3830,1136
56,467,119,1215
61,130,432,387
25,111,174,131
55,164,1273,727
50,160,336,214
58,107,293,351
19,225,676,707
17,117,141,155
33,184,623,1370
51,372,745,107
58,470,2398,545
20,80,362,204
19,2066,350,1233
20,74,703,329
50,94,267,264
61,64,404,206
18,71,411,123
66,346,652,657
17,1201,982,664
20,108,248,171
23,1572,399,1147
62,231,751,512
20,1018,531,539
19,62,953,1170
20,342,222,364
25,479,220,326
23,99,127,229
25,487,1443,664
27,190,281,171
57,269,3229,996
62,81,610,118
16,855,452,542
64,58,989,234
19,1105,1625,613
15,918,878,546
24,264,145,151
21,278,150,130
61,130,958,296
15,338,206,132
14,293,121,136
24,154,128,129
61,84,464,273
37,1091,1156,443
19,122,133,153
15,822,223,360
20,168,382,701
22,277,815,1042
57,76,203,135
43,115,358,384
18,538,2023,2629
18,538,201,197
17,112,393,247
15,1144,1780,547
48,252,146,450
38,260,692,170
56,135,112,165
31,255,288,103
23,229,144,156
28,106,161,135
39,2028,221,1087
29,75,651,123
28,102,357,253
45,164,259,130
20,179,224,185
25,120,166,186
20,886,1055,903
26,992,309,872
21,995,1016,1021
31,123,231,174
25,280,700,368
19,1482,116,152
57,81,545,176
16,2758,386,3592
15,862,889,807
29,1527,532,421
54,297,658,628
52,91,1499,506
18,442,177,450
17,1686,2067,571
19,2224,538,698
20,110,671,162
45,387,835,341
21,318,484,234
16,4663,2119,4404
26,541,332,689
25,139,530,823
55,53,1546,220
17,1120,470,1030
43,516,102,253
53,235,174,119
18,211,1780,953
15,1011,435,2630
22,483,1829,1372
46,231,314,243
38,174,103,126
19,436,4071,2281
19,804,528,348
51,91,180,133
53,450,2253,1344
42,67,719,770
17,310,163,104
19,1516,1744,2908
21,589,328,404
42,58,190,113
20,401,1197,657
21,953,1173,1106
53,145,270,103
56,160,680,519
55,190,735,1506
21,259,498,291
19,1781,500,785
42,82,411,437
18,407,186,685
20,1798,1562,3361
25,278,245,165
16,435,142,144
66,692,402,976
20,772,336,400
19,174,1403,643
18,186,406,251
31,228,193,358
32,732,803,3328
57,111,579,286
28,54,522,334
20,426,500,876
16,723,278,562
16,2733,2671,1923
40,465,1344,799
17,1163,437,1314
19,571,511,207
29,629,1321,621
44,1112,839,2044
56,107,1238,102
16,1170,926,2328
63,280,245,153
22,602,476,321
31,75,114,255
44,149,896,350
40,112,225,386
29,58,206,140
15,110,618,445
16,1639,1828,2275
52,229,407,245
37,72,225,116
33,208,338,127
25,125,433,836
20,163,262,194
58,143,1207,415
18,314,202,349
49,239,212,156
19,86,228,132
14,1035,130,177
18,274,350,156
21,1806,161,314
16,2977,443,250
49,106,487,281
53,1168,1261,2890
62,165,395,223
14,484,1141,1095
29,197,1029,827
28,295,617,586
51,172,894,445
16,1238,1300,1809
28,74,312,425
15,400,227,170
41,549,500,231
29,152,1734,410
20,486,1402,1516
14,209,757,514
22,825,549,686
35,191,1956,2143
22,754,384,485
17,281,118,153
19,1294,4267,2623
34,813,164,110
22,456,562,357
48,53,657,150
16,616,152,410
49,232,274,193
22,552,180,198
60,393,1444,786
62,142,1005,602
19,808,1210,697
18,217,101,452
19,1162,691,110
17,266,731,424
21,348,124,134
18,461,378,364
32,80,420,278
33,96,176,156
43,115,272,143
26,635,1103,1082
23,514,270,378
38,656,816,436
14,162,332,313
31,99,941,758
17,671,106,527
16,549,1648,610
29,66,179,175
29,569,919,859
46,107,420,203
18,324,218,181
49,129,640,497
35,296,1632,837
60,502,915,364
36,280,118,311
60,134,249,135
20,965,2158,1793
21,451,460,637
45,177,627,1064
23,848,148,382
20,576,339,647
14,1036,392,1166
20,1562,1691,2934
18,675,368,423
30,198,108,115
18,317,560,428
21,517,957,557
31,307,744,766
21,323,245,540
18,322,772,402
18,1351,336,117
15,344,895,300
34,111,287,279
26,136,246,256
38,768,444,414
26,342,307,617
24,368,122,181
18,701,332,475
55,623,304,342
27,927,365,528
20,293,433,153
21,270,255,198
14,262,539,238
61,237,1083,231
19,3131,163,1228
36,95,287,460
24,343,198,132
51,92,891,675
20,155,248,165
15,432,1341,1125
52,473,397,339
18,319,421,254
18,323,876,221
34,259,530,409
30,157,105,120
28,267,853,601
18,51,165,151
54,262,3103,3749
44,176,1254,989
18,647,378,143
23,388,117,146
14,1018,207,597
50,301,187,247
30,212,169,284
14,184,1331,729
56,76,300,136
14,293,873,361
20,534,579,480
22,132,101,112
34,155,1496,547
17,140,309,481
54,444,424,594
55,173,219,102
13,801,194,159
16,695,152,151
22,774,637,753
21,637,1485,523
28,116,191,566
15,126,490,398
58,177,135,120
22,2685,507,3508
50,1185,1959,545
20,266,596,241
15,530,342,375
16,333,1646,1056
37,179,252,199
15,1216,124,610
55,110,995,238
16,470,167,253
63,869,1601,837
18,139,760,1072
33,358,2132,2110
19,156,381,270
48,315,245,202
26,318,170,230
20,153,168,258
20,674,138,260
27,115,545,768
25,172,310,523
24,603,205,430
23,391,222,429
53,585,365,496
29,312,169,121
33,222,220,218
17,1193,1842,2873
17,743,1694,1434
29,252,223,327
20,170,999,782
18,673,162,370
53,198,3731,1128
19,212,383,583
18,716,796,1328
60,98,1228,396
36,298,115,157
23,56,468,360
17,290,199,144
19,208,432,372
22,71,141,174
16,289,178,170
41,168,990,238
18,725,375,418
30,263,116,161
52,349,266,1328
20,290,292,292
52,67,211,109
58,80,328,152
22,252,163,118
61,866,223,639
19,162,3087,1418
58,94,3842,780
65,61,1260,545
26,593,281,465
18,244,303,727
20,1901,208,447
19,519,351,1068
28,283,117,307
16,1099,719,1943
34,77,537,344
18,1328,1595,397
27,241,1005,703
39,243,178,118
15,337,109,180
57,82,414,237
28,446,157,307
53,94,574,334
33,158,189,105
35,111,128,156
32,188,469,474
59,145,1684,940
17,1347,2262,1964
52,3970,1201,2696
24,386,816,548
22,166,143,244
20,755,426,477
20,239,356,386
18,441,483,870
22,258,482,423
27,454,304,167
24,136,264,131
50,197,314,215
13,316,158,105
26,314,422,351
35,635,180,136
20,185,214,209
24,1009,409,1019
18,1409,2779,1624
23,348,204,391
15,652,388,863
50,63,203,114
16,840,495,787
24,324,115,168
18,1944,488,291
17,970,397,587
58,323,1120,3003
50,202,207,146
58,260,302,374
14,4418,1338,2758
44,394,348,552
45,86,413,384
55,209,719,537
44,102,196,131
18,1529,291,217
27,311,1545,1267
28,447,595,374
22,200,265,450
16,1092,618,446
20,567,508,228
18,627,755,1762
48,227,280,1039
22,193,278,212
23,77,543,136
18,374,858,757
66,61,101,112
19,194,556,566
26,130,139,117
19,812,2581,2674
65,468,157,238
21,508,2035,987
56,621,257,210
39,69,332,143
64,130,369,155
32,824,937,607
19,149,521,514
66,256,338,128
25,337,679,1444
21,192,140,393
16,177,301,275
27,804,1685,544
28,64,263,175
58,2119,699,345
49,164,452,594
27,640,155,213
14,146,433,259
19,676,821,1854
27,360,224,258
18,761,899,558
20,280,449,617
48,168,110,189
44,131,570,956
41,230,751,425
40,411,4422,2347
28,192,111,500
23,168,258,287
23,654,1089,1037
17,409,645,102
16,260,483,332
23,96,416,456
56,73,687,996
17,1257,1211,1355
21,100,210,311
23,291,215,129
19,256,522,285
54,88,357,119
18,307,1920,2189
20,170,111,108
18,1052,206,142
16,223,453,306
18,376,566,570
16,533,373,312
48,192,385,384
21,198,676,136
51,97,186,150
19,1023,340,626
18,462,129,334
18,671,114,476
15,178,860,260
22,1842,730,1428
18,644,249,249
17,261,2670,545
19,453,359,1046
30,401,268,400
20,129,171,333
22,68,259,263
17,225,785,232
28,1168,441,414
19,1862,298,1283
34,53,147,146
17,697,3901,2721
24,503,250,360
49,136,287,150
29,58,232,308
23,133,223,228
16,61,588,378
51,95,516,292
14,329,1413,364
21,277,230,102
18,570,154,114
18,1977,475,2204
25,75,773,949
18,424,509,339
40,60,439,127
18,2068,1645,1178
23,594,1122,1216
17,163,279,322
32,157,171,218
19,1740,779,385
16,393,233,327
15,2310,816,323
52,65,662,179
55,215,299,491
23,529,738,1755
17,653,220,647
29,324,960,1392
20,254,303,133
14,277,334,107
57,135,189,119
19,481,1889,1287
22,427,850,492
65,2490,3477,641
22,1088,490,847
48,171,360,728
18,499,246,587
18,375,1750,545
45,61,213,129
24,99,474,366
25,98,189,233
24,217,259,821
66,421,2240,801
23,1486,778,2203
33,158,133,133
57,103,597,127
17,284,141,166
46,65,255,186
27,3561,151,754
23,528,552,749
17,500,417,355
36,515,3372,3168
26,766,255,808
20,1018,462,295
16,256,272,273
19,735,1005,1056
21,54,155,116
15,241,188,165
18,792,558,1228
28,75,113,162
16,1177,1094,3888
24,909,327,214
52,113,2696,452
44,316,759,263
28,219,511,1008
46,261,589,184
18,1629,488,347
41,175,587,121
21,961,2898,1136
24,284,777,423
21,276,285,201
30,123,193,111
16,411,889,312
18,261,339,270
15,486,404,464
14,1070,120,159
19,4302,203,1006
21,2805,281,451
18,661,581,286
47,69,994,196
30,141,227,1299
55,160,361,169
55,152,674,247
56,103,252,105
21,249,109,200
19,552,2765,4393
15,1122,2927,1966
17,369,374,362
50,67,1642,1150
27,202,782,658
59,227,1349,693
46,489,674,716
14,307,536,457
26,867,200,252
16,532,1303,1453
51,111,528,858
28,59,299,127
37,367,1321,1210
57,397,1719,1524
48,95,2395,109
20,106,3831,869
14,700,1937,626
20,676,891,794
42,128,488,481
49,166,796,462
30,428,1021,594
29,115,106,141
27,877,1090,1573
15,2113,328,720
48,234,3050,3128
47,111,212,248
22,554,1192,1563
66,318,159,112
53,135,822,806
36,163,189,178
37,80,194,141
52,115,139,332
53,317,1160,1717
27,117,212,308
65,113,1201,377
25,257,166,168
29,743,129,505
45,233,769,1363
55,199,352,636
28,117,341,162
20,1022,1140,895
17,576,576,394
15,513,461,935
19,208,661,636
29,188,271,105
15,124,201,324
18,56,642,420
15,834,177,107
19,714,140,242
23,1570,2682,1099
48,113,254,133
40,209,230,155
51,256,1763,842
51,391,465,452
18,1492,312,606
57,85,219,114
23,283,239,284
56,66,680,194
16,1467,2241,302
15,115,504,1107
23,383,150,112
14,380,190,226
33,221,268,605
19,302,214,407
14,480,114,109
55,270,363,222
16,1258,1644,2242
29,412,634,237
49,82,352,540
53,64,253,126
19,4732,294,1893
16,1207,791,695
23,213,307,150
37,163,763,477
25,765,905,404
54,196,111,175
25,468,570,1483
41,118,504,152
27,169,330,1893
18,398,243,143
41,642,3818,2570
21,1984,685,530
39,108,396,112
25,1065,1218,1296
47,331,504,1086
23,858,500,658
20,337,562,612
34,113,441,305
16,2690,247,607
63,97,995,506
66,124,1134,146
19,262,1073,238
19,1353,199,781
35,722,158,279
43,99,256,302
59,183,1081,233
15,315,992,128
18,67,448,212
53,353,682,533
24,273,244,109
52,87,353,200
25,1162,2327,1440
52,148,162,309
61,242,1376,537
16,1898,133,1256
19,259,1104,395
25,1668,557,728
22,1905,911,1191
58,229,208,102
20,956,172,122
19,1430,220,146
24,246,446,322
58,63,818,703
20,313,232,292
39,371,187,484
30,119,222,189
29,302,205,149
26,346,604,170
38,74,738,430
48,232,662,260
19,1591,3285,2274
57,190,137,346
22,104,115,139
62,86,220,155
18,461,811,544
24,229,143,160
19,373,125,285
18,900,3991,1307
16,265,177,315
34,245,4930,1311
53,157,328,152
28,236,2084,1056
20,629,725,469
23,738,475,770
46,4615,840,1896
22,374,452,606
46,312,212,569
16,1706,1125,983
24,1063,338,409
55,191,164,131
30,328,276,325
24,783,142,280
23,656,227,132
50,230,681,598
16,585,2945,460
22,340,873,627
48,71,407,299
19,310,145,111
62,73,265,315
19,4516,954,3075
17,835,178,124
18,1288,2748,2882
21,1388,4914,2192
27,126,151,104
20,479,372,449
39,282,1033,313
15,722,308,374
46,186,487,206
65,505,113,181
17,1483,420,252
32,527,653,569
17,665,202,299
26,577,313,146
30,398,199,234
60,369,153,129
17,352,173,237
19,389,3071,1195
31,263,132,158
33,258,324,163
62,72,451,270
22,774,662,1225
48,499,505,1089
16,441,1294,1219
23,422,1717,1736
17,400,2180,2645
15,479,514,346
17,349,823,475
58,164,838,282
26,64,449,113
23,65,256,339
46,313,593,361
32,113,268,121
39,72,976,530
14,265,178,133
17,130,189,157
32,107,176,120
17,54,387,110
23,145,208,126
22,61,545,188
63,80,385,352
25,500,1794,1384
35,268,107,284
60,4794,586,1318
18,579,1301,864
24,182,695,1183
37,181,185,119
23,237,388,174
22,310,157,203
22,1349,353,504
19,262,202,143
19,200,460,239
23,87,284,343
62,185,2408,249
64,540,597,375
26,1071,246,141
22,626,210,277
14,686,103,464
23,238,411,332
16,1002,2856,2012
20,3437,663,3794
18,214,241,544
56,118,132,253
25,340,911,332
50,91,307,497
26,312,559,402
49,579,673,1465
30,565,559,500
49,221,189,190
61,609,1006,105
17,4540,290,2047
15,475,1312,290
16,208,191,148
15,626,105,165
18,384,107,105
21,211,689,153
21,360,467,656
48,113,346,560
18,611,318,198
33,604,1467,226
47,170,611,1488
15,373,117,199
36,53,1161,191
57,346,323,234
19,350,149,354
28,211,153,217
65,945,533,1392
21,58,322,132
25,147,826,764
50,61,123,133
23,119,636,215
14,774,1952,1076
22,224,735,581
63,674,1283,1241
23,878,299,192
20,430,145,136
16,288,2933,226
21,453,780,846
23,187,187,168
17,237,1510,1429
28,368,224,296
57,123,3326,2453
25,180,115,112
40,142,392,497
16,324,1258,1640
23,401,1359,992
24,103,418,688
20,553,142,241
52,56,1408,209
63,75,1436,303
29,202,228,237
62,178,384,165
20,370,680,678
19,1375,651,404
21,453,874,650
14,527,1005,543
39,96,311,217
53,230,981,838
27,59,118,389
18,841,284,239
26,100,614,344
16,548,310,234
17,804,231,249
50,274,1419,465
47,117,134,154
58,162,1349,506
24,390,459,343
27,783,1869,1788
33,228,123,179
20,440,242,189
29,86,176,117
40,374,558,697
58,70,4280,558
18,283,442,340
54,165,796,165
18,80,704,145
22,79,200,102
18,909,117,206
21,167,274,114
44,130,203,295
31,131,285,259
37,74,185,292
23,301,1272,2015
17,244,427,451
13,475,618,457
15,730,1388,519
50,496,286,488
21,1100,182,314
28,407,143,184
25,151,141,179
16,140,139,186
33,126,184,294
26,95,216,133
45,169,597,2228
35,167,298,246
29,120,866,727
25,306,905,724
18,236,377,297
15,2825,528,3535
15,287,175,288
28,129,917,594
30,149,1285,1084
22,173,432,307
19,287,112,108
22,281,470,361
17,190,1041,117
50,215,131,114
42,196,1419,1127
29,68,135,131
16,833,549,1387
17,224,1506,1003
42,165,148,122
19,137,309,290
32,204,1216,1195
65,343,634,315
17,2393,687,583
63,210,538,742
36,123,255,143
20,984,2186,1196
15,3194,268,767
59,948,3833,533
23,143,134,266
54,373,1446,704
55,160,180,152
18,103,656,222
39,126,1057,497
21,398,229,473
19,118,129,245
14,215,1278,524
44,147,3434,3539
31,450,396,189
21,442,210,160
51,170,775,302
14,821,1185,573
16,654,241,285
55,520,187,247
36,82,126,101
25,253,157,116
19,209,465,152
29,716,1175,2336
54,248,1645,1498
18,482,709,294
28,306,821,544
34,304,988,1076
19,161,330,151
57,91,1160,679
17,58,164,112
28,236,1165,523
25,121,1768,332
44,505,105,231
16,413,2628,1567
62,180,271,164
23,1464,290,422
51,241,361,743
33,63,2463,105
28,88,200,232
55,154,613,195
18,1048,129,133
57,63,285,130
20,504,994,782
63,401,1501,375
29,377,189,253
15,1333,787,806
55,301,856,458
18,2564,431,684
23,1987,607,515
23,299,763,443
20,917,620,191
20,650,347,187
47,90,2691,1557
26,558,1042,231
34,307,511,533
21,142,462,263
24,411,136,337
62,209,976,632
21,157,448,198
33,493,357,886
28,200,651,326
19,1199,1413,3505
22,447,547,409
47,332,670,447
53,258,556,1483
23,909,170,638
18,119,2773,889
25,307,447,911
19,310,125,160
14,399,180,102
17,269,424,376
46,1762,471,139
25,399,611,527
53,51,223,145
24,247,2240,1038
22,350,459,159
17,718,1195,441
16,885,457,731
15,354,343,957
28,284,667,575
29,248,199,213
60,111,222,209
48,142,230,128
43,51,172,148
24,231,1045,118
15,1101,1098,294
56,119,1279,500
24,108,443,792
26,495,555,2029
15,347,107,660
